service_type,key_question,kloe,ref,checklist_item
Nursing Home,Safe,Safe environments and infection prevention and control,SAF-EI-01,Fire safety procedures are effective; Personal Emergency Evacuation Plans are in place and reflect the individual clinical and mobility needs of all residents.
Nursing Home,Safe,Safe environments and infection prevention and control,SAF-EI-02,There is a comprehensive system to proactively manage the safety and upkeep of the premises; professionally qualified and competent people complete all required environmental checks and maintenance.
Nursing Home,Safe,Safe environments and infection prevention and control,SAF-EI-03,The service manages the control and prevention of infection well; infection prevention and control roles are clear and the risk of infection is minimised because premises and equipment are kept clean and hygienic.
Nursing Home,Safe,Safe environments and infection prevention and control,SAF-EI-04,"Equipment, including special or adaptive equipment, is maintained, stored and used in line with good practice and guidance; the service monitors and acts on equipment alerts, recalls and safety information."
Nursing Home,Safe,Safe environments and infection prevention and control,SAF-EI-05,The environment and clinical waste arrangements meet current legislation and good practice guidance; the service is kept clean and hygienic to minimise the risk of infection.
Nursing Home,Safe,Safe environments and infection prevention and control,SAF-EI-06,"The service monitors and acts on equipment alerts, recalls and safety information in a timely way."
Nursing Home,Safe,Safe environments and infection prevention and control,SAF-EI-07,"Digital systems and technology used to deliver care are secure, reliable and appropriate to individual people's needs; data records are available, accurate and confidential."
Nursing Home,Safe,Managing risks during care and treatment,SAF-MR-01,"Care plans reflect foreseeable risks including pressure ulcer risk; clinical risks are anticipated and managed to reduce the potential for harm, in line with recognised good practice."
Nursing Home,Safe,Managing risks during care and treatment,SAF-MR-02,"Care plans reflect moving and handling risks; care is provided in line with recognised good practice guidance, using appropriate specialist equipment."
Nursing Home,Safe,Managing risks during care and treatment,SAF-MR-03,"Falls risk is reflected in care plans; deterioration and emergencies are anticipated and managed to reduce the potential for harm, including prompt post-fall review."
Nursing Home,Safe,Managing risks during care and treatment,SAF-MR-04,"Choking and dysphagia risks are identified and care is provided in line with recognised good practice guidance, including appropriate specialist referral, to protect residents from avoidable harm."
Nursing Home,Safe,Managing risks during care and treatment,SAF-MR-05,There is a balanced and proportionate approach to risk; people's rights and choices are respected and people are supported to take carefully managed risks to live fulfilling lives.
Nursing Home,Safe,Managing risks during care and treatment,SAF-MR-06,"The service has a process to ensure restrictions on people's freedom, choice and control are necessary, proportionate and safe; restraint is only used as a last resort with a clear commitment to minimising restrictive interventions."
Nursing Home,Safe,Managing risks during care and treatment,SAF-MR-07,"Clinical deterioration is anticipated and managed using validated assessment tools, with a clear escalation process to reduce the potential for harm."
Nursing Home,Safe,Safe medicines and treatments,SAF-MT-01,"Medicines are ordered, administered, recorded, stored and disposed of safely in line with legislation and guidance; medication records are audited regularly for accuracy and gaps."
Nursing Home,Safe,Safe medicines and treatments,SAF-MT-02,"Controlled drugs are stored, recorded, administered and disposed of in line with legislation and guidance, with dual sign-off on all controlled drug transactions."
Nursing Home,Safe,Safe medicines and treatments,SAF-MT-03,"There is a clear approach to the safe use of medicines; roles and responsibilities for advanced administration, including syringe drivers and IV medicines, are understood and staff hold current competency."
Nursing Home,Safe,Safe medicines and treatments,SAF-MT-04,"Medicines are stored safely in line with legislation and guidance, including temperature-controlled storage; storage checks are completed and recorded regularly."
Nursing Home,Safe,Safe medicines and treatments,SAF-MT-05,"The service actively considers opportunities to reduce the over-medication of people, in line with STOMP/STAMP principles where applicable."
Nursing Home,Safe,Safe medicines and treatments,SAF-MT-06,The administration of PRN medicines (medicines taken when required) is guided by clear protocols; protocols are reviewed in a timely way.
Nursing Home,Safe,Safe medicines and treatments,SAF-MT-07,People's capacity and preference for self-medication is assessed and clearly documented in care records; involvement in decisions about medicines is supported.
Nursing Home,Safe,Safe medicines and treatments,SAF-MT-08,"Where covert administration of medicines is used, this is supported in line with the Mental Capacity Act 2005 and clearly documented with a best interests decision."
Nursing Home,Safe,Safety culture,SAF-SC-01,"All incidents are recorded, investigated, and the service looks for safety-related themes and trends to drive improvement."
Nursing Home,Safe,Safety culture,SAF-SC-02,There is a good understanding of the duty of candour; staff are open and transparent with people and those close to them when incidents occur.
Nursing Home,Safe,Safety culture,SAF-SC-03,"Patient safety alerts are consistently reviewed and acted on, and learning from external safety incidents is embedded in the delivery of care."
Nursing Home,Safe,Safety culture,SAF-SC-04,"Complaints, concerns and other feedback about safety are welcomed and prioritised as key sources to identify and manage safety risks."
Nursing Home,Safe,Safety culture,SAF-SC-05,"There is a strong learning culture in which incidents that have caused harm, or could cause harm, are treated as opportunities to improve."
Nursing Home,Safe,Safety culture,SAF-SC-06,"Staff and leaders understand what constitutes a closed culture and the risks to people, including organisational abuse; systems are in place to identify concerns and prevent closed cultures from developing."
Nursing Home,Safe,Safeguarding,SAF-SG-01,"There are effective safeguarding systems, processes and practices, accessible to people, staff and visitors to the service, operating in line with legislation and guidance."
Nursing Home,Safe,Safeguarding,SAF-SG-02,"Safeguarding systems are managed by appropriately trained staff; training is appropriate to role, refreshed at regular intervals, with competency assessed."
Nursing Home,Safe,Safeguarding,SAF-SG-03,Information about people who have suffered harm or are at risk is shared with the local authority in a timely way; staff use appropriate escalation pathways when concerns are not addressed.
Nursing Home,Safe,Safeguarding,SAF-SG-04,People are deprived of their liberty lawfully; any potential deprivation of liberty is recognised promptly and appropriate DoLS authorisation is sought; conditions are regularly reviewed and met.
Nursing Home,Safe,Safeguarding,SAF-SG-05,"People are empowered to develop and maintain safe intimate relationships, where they choose to, in accordance with their rights; staff are trained to support this appropriately."
Nursing Home,Safe,Safeguarding,SAF-SG-06,Online safety is considered and people are supported to understand how they can protect themselves when using the internet or digital devices.
Nursing Home,Safe,"Safe systems, pathways and transitions",SAF-SP-01,"Plans and information for care are established and shared before people move into the service, considering individual needs, circumstances and expected outcomes."
Nursing Home,Safe,"Safe systems, pathways and transitions",SAF-SP-02,Plans and information for care during transitions are established and shared before people move between services to ensure continuity and a smooth process.
Nursing Home,Safe,"Safe systems, pathways and transitions",SAF-SP-03,"Staff work proactively with teams in other services to deliver co-ordinated, timely and person-centred care; actions are appropriately owned and followed up."
Nursing Home,Safe,"Safe systems, pathways and transitions",SAF-SP-04,"Shared systems and processes for safe care, including handover, are managed collaboratively, with proactive risk identification, monitoring and learning."
Nursing Home,Safe,Safe staffing,SAF-SS-01,"There are appropriate staffing levels and skill mix, including registered nurse cover on every shift, to meet people's needs; contingency arrangements are in place for staff absence."
Nursing Home,Safe,Safe staffing,SAF-SS-02,There are processes to support professional revalidation where needed; NMC registration and revalidation dates are verified and tracked for all registered nurses.
Nursing Home,Safe,Safe staffing,SAF-SS-03,"Thorough and safe recruitment practices are in place, including DBS checks and references, ensuring staff and volunteers are suitably experienced, qualified and competent."
Nursing Home,Safe,Safe staffing,SAF-SS-04,There are supervision and appraisal processes to support nursing staff to develop and improve services; competency is assessed to maintain knowledge and skills in line with good practice.
Nursing Home,Safe,Safe staffing,SAF-SS-05,Actions are taken to protect staff from fatigue and leaders understand its impact on the safety of people who use services; working patterns are monitored.
Nursing Home,Safe,Safe staffing,SAF-SS-06,The service has systems for investigating allegations against people in positions of trust; actions are taken to address any risk to people using the service.
Nursing Home,Effective,Assessing needs,EFF-AN-01,"People's needs are comprehensively assessed, reflecting their wishes and physical, mental, emotional, sensory, social and communication needs, including those related to protected equality characteristics."
Nursing Home,Effective,Assessing needs,EFF-AN-02,"Assessments and care plans are regularly reviewed and updated to make sure staff have current information, so that care is meeting people's needs and individual outcomes as expected."
Nursing Home,Effective,Assessing needs,EFF-AN-03,"People's communication needs are assessed and met to maximise the effectiveness of care, support and treatment, in line with the Accessible Information Standard."
Nursing Home,Effective,Assessing needs,EFF-AN-04,Assessments focus on people's strengths and there is a trauma-informed approach to understanding people's needs.
Nursing Home,Effective,Consent to care and treatment,EFF-CT-01,"Staff know the importance of consent and ensure people understand what they are consenting to before care or treatment is delivered, with appropriate information and time given to support informed decisions."
Nursing Home,Effective,Consent to care and treatment,EFF-CT-02,"Staff actively consider whether people have the mental capacity to give consent; where there is reason to doubt capacity, assessments are completed in line with the Mental Capacity Act 2005, recorded, and DoLS applied where appropriate."
Nursing Home,Effective,Consent to care and treatment,EFF-CT-03,"People are supported to access independent advocacy, including statutory or non-statutory when available, and advocates are appropriately involved by the service."
Nursing Home,Effective,Consent to care and treatment,EFF-CT-04,"The service makes lawful decisions in people's best interests when required; people are involved and their feelings, beliefs and values are considered, with those close to them kept informed."
Nursing Home,Effective,Evidence-based care and equitable outcomes,EFF-EB-01,"People's nutritional and hydration needs are met in line with current standards and good practice guidance; dietary risks including poor nutrition, dehydration and swallowing problems are identified and managed."
Nursing Home,Effective,Evidence-based care and equitable outcomes,EFF-EB-02,"Staff monitor and evaluate outcomes related to people's health, including clinical markers, and act to improve them where possible."
Nursing Home,Effective,Evidence-based care and equitable outcomes,EFF-EB-03,"There is a rigorous approach to monitoring the effectiveness of people's care, support and treatment; the service takes action to continuously improve it, evidenced by a clinical audit programme with documented improvements."
Nursing Home,Effective,Evidence-based care and equitable outcomes,EFF-EB-04,"Staff monitor and evaluate outcomes related to people's health and quality of life over time, using outcome data to act and improve care where possible."
Nursing Home,Effective,Evidence-based care and equitable outcomes,EFF-EB-05,The service empowers people to understand their legal rights to equity of care; staff recognise barriers that prevent equity and resources are allocated to reduce these barriers and improve outcomes.
Nursing Home,Effective,Supporting people to live healthier lives,EFF-HL-01,The service works with residents and professionals to plan and enable access to health and social care support; residents are supported to access health checks and healthcare passports are completed where appropriate.
Nursing Home,Effective,Supporting people to live healthier lives,EFF-HL-02,"Risks to residents' health and wellbeing are identified and support to prevent deterioration is prioritised, including progressing advice from other professionals to prevent avoidable hospital admissions."
Nursing Home,Effective,Supporting people to live healthier lives,EFF-HL-03,"Residents are encouraged and supported to make healthier choices relating to diet, lifestyle and physical activity, including through activity and rehabilitation opportunities where clinically appropriate."
Nursing Home,Effective,Supporting people to live healthier lives,EFF-HL-04,The service progresses advice and recommendations from other professionals or commissioners to prevent deterioration in health and wellbeing and avoidable hospital admissions.
Nursing Home,Caring,"Independence, choice and control",CAR-IC-01,"Residents are encouraged and enabled to access meaningful activities, hobbies and interests in a personalised way, with genuine choices offered and adaptations made for clinical or mobility needs."
Nursing Home,Caring,"Independence, choice and control",CAR-IC-02,"People are supported to maintain access to family, friends and cultural connections; when applicable, visiting restrictions are limited to exceptional circumstances in accordance with guidance and legislation."
Nursing Home,Caring,"Independence, choice and control",CAR-IC-03,People are supported to make decisions about end of life preferences and advance decisions if they wish to; DNACPR and ReSPECT decisions are clearly recorded and accessible to clinical staff.
Nursing Home,Caring,"Independence, choice and control",CAR-IC-04,People approaching the end of their life are identified and their needs are met in line with their preferences and choices; there is a compassionate and supportive approach before and after a person dies.
Nursing Home,Caring,"Independence, choice and control",CAR-IC-05,"People are supported to plan for the future and make advance decisions if they wish to; where people do not wish to discuss end of life, steps are taken to establish what to do in an emergency."
Nursing Home,Caring,"Independence, choice and control",CAR-IC-06,"People's right to a personal life is appropriately considered and respected, including supporting them to have close and intimate relationships where they choose."
Nursing Home,Caring,"Independence, choice and control",CAR-IC-07,Equipment and technology are used to support and maximise people's independence; people are helped to make choices about adaptive equipment appropriate to their needs.
Nursing Home,Caring,"Kindness, compassion and dignity",CAR-KD-01,"People feel cared for with kindness, compassion, dignity and respect; privacy and dignity are consistently upheld during all clinical procedures and personal care, and any shortfalls are challenged."
Nursing Home,Caring,"Kindness, compassion and dignity",CAR-KD-02,People's privacy and confidentiality are consistently upheld; staff have a clear understanding of the boundaries of confidentiality and work within these.
Nursing Home,Caring,"Kindness, compassion and dignity",CAR-KD-03,"Staff promptly respond to people's emotions, discomfort, distress and urgent needs in a positive way that protects their rights and dignity; staff learn the causes of distress to prevent recurrence."
Nursing Home,Caring,"Kindness, compassion and dignity",CAR-KD-04,"Staff prioritise and anticipate people's comfort and wellbeing needs, using appropriate tools and communication to avoid preventable discomfort, concern or distress."
Nursing Home,Caring,Person-centred care,CAR-PC-01,Care is tailored to the individual and is not task-focused; nursing care plans are person-centred and regularly updated with the involvement of residents and those close to them.
Nursing Home,Caring,Person-centred care,CAR-PC-02,"Staff treat people as individuals, ensuring their personal, cultural, social, spiritual and religious needs are understood and met, with due regard for protected equality characteristics."
Nursing Home,Caring,Person-centred care,CAR-PC-03,"People receive the most appropriate and personalised care as the service makes reasonable adjustments where necessary, including for communication, accessibility and cultural preferences."
Nursing Home,Responsive,"Care provision, integration and continuity",RES-CC-01,"Where support is provided by more than one service, staff work in a planned, coordinated and flexible way to make sure care is joined up and meets residents' needs."
Nursing Home,Responsive,"Care provision, integration and continuity",RES-CC-02,"People experience continuity of care, support and treatment; a key worker or named nurse system ensures residents have a consistent point of contact throughout their stay."
Nursing Home,Responsive,"Care provision, integration and continuity",RES-CC-03,Internal transitions in care level are planned collaboratively with residents and those close to them; people experience continuity of care and a smooth process throughout.
Nursing Home,Responsive,Equity in experiences,RES-EE-01,"Leaders and staff work collaboratively to achieve equity by recognising barriers, collecting and acting on evidence including people's experiences, and allocating resources to reduce barriers."
Nursing Home,Responsive,Equity in experiences,RES-EE-02,Interpreting and translation are provided or accessed for people who don't speak English as a first language and for people who use British Sign Language.
Nursing Home,Responsive,Equity in experiences,RES-EE-03,"Staff are supported to develop the skills they need to remove barriers to effective communication; where applicable, the requirements of the Accessible Information Standard are met."
Nursing Home,Responsive,Listening to and responding to feedback,RES-LF-01,"People and those close to them understand how to give feedback, make suggestions or complain about care and treatment; they can do so in a way that meets their needs, including with access to independent advocacy."
Nursing Home,Responsive,Listening to and responding to feedback,RES-LF-02,"The service welcomes feedback, concerns and complaints as an opportunity to improve; learning from feedback is incorporated into practice and people feel confident their concerns will be taken seriously."
Nursing Home,Responsive,Listening to and responding to feedback,RES-LF-03,The service actively seeks feedback and keeps people informed about how it has been addressed and any action taken; people are given information on how to escalate complaints to the relevant Ombudsman.
Nursing Home,Responsive,Listening to and responding to feedback,RES-LF-04,"At the end of the complaints process, people are given information on how to escalate their complaint to the relevant Ombudsman."
Nursing Home,Responsive,Listening to and responding to feedback,RES-LF-05,"The service supports people to give their feedback or make a complaint, including supporting access to independent advocacy."
Nursing Home,Responsive,Timely and equitable access,RES-TA-01,The service is designed to be accessible and available at the point of need; barriers that prevent equitable access to the admission process are identified and removed.
Nursing Home,Responsive,Timely and equitable access,RES-TA-02,Reasonable adjustments are understood and made to ensure equal access to the service for all; premises are accessible and adapted to meet the needs of people who find it hard to access services.
Nursing Home,Responsive,Timely and equitable access,RES-TA-03,People's individual communication and information needs are appropriately identified and up-to-date information is routinely provided in an accessible way.
Nursing Home,Well-Led,Capable and compassionate leaders,WEL-CL-01,"Where required, there is a registered manager in post who understands their responsibilities and is supported by directors and other managers to deliver good, effective, high-quality care."
Nursing Home,Well-Led,Capable and compassionate leaders,WEL-CL-02,High-quality leadership is sustained through safe and effective recruitment; Fit and Proper Person Requirement checks are completed for the registered manager and all directors.
Nursing Home,Well-Led,Capable and compassionate leaders,WEL-CL-03,Leaders are knowledgeable about priorities that affect quality and have access to appropriate development in their role; they seek support or independent scrutiny where required.
Nursing Home,Well-Led,Capable and compassionate leaders,WEL-CL-04,"When something goes wrong, people receive a sincere and timely apology and are told about the actions being taken to prevent the same thing happening again."
Nursing Home,Well-Led,Governance and management,WEL-GM-01,"The service has an accurate statement of purpose that clearly reflects current service provision, including the nursing care it provides."
Nursing Home,Well-Led,Governance and management,WEL-GM-02,"There are effective systems for monitoring and managing service performance, risk and learning from incidents, including a quality assurance audit programme across all key care areas."
Nursing Home,Well-Led,Governance and management,WEL-GM-03,"There are secure and reliable arrangements for the availability, integrity and confidentiality of data and records; the Data Security and Protection Toolkit is submitted and cyber security arrangements are reviewed."
Nursing Home,Well-Led,Governance and management,WEL-GM-04,"There are thorough business continuity plans in place for emergencies, and staff know how to put these into practice, including continuity of medicines supply and nurse staffing."
Nursing Home,Well-Led,Governance and management,WEL-GM-05,Data and notifications are consistently submitted to external partners as required; regulatory requirements are understood and consistently met.
Nursing Home,Well-Led,Governance and management,WEL-GM-06,"There are effective workforce planning arrangements to ensure appropriate staffing levels, skill mix and succession; risks to staffing capacity are identified and managed."
Nursing Home,Well-Led,Governance and management,WEL-GM-07,"Records and data management systems meet data protection and GDPR requirements; records are complete, accurate, stored securely and staff understand their data protection responsibilities."
Nursing Home,Well-Led,"Improvement, innovation and learning",WEL-IL-01,"Staff and leaders drive improvement through consistent approaches that enable the right environment for improvement, measuring outcomes and impact; quality improvement projects demonstrate measurable results."
Nursing Home,Well-Led,"Improvement, innovation and learning",WEL-IL-02,Staff are consistently encouraged to contribute to improvement and innovation initiatives; leaders foster a culture of trust by actively investing time to listen to ideas for improvement.
Nursing Home,Well-Led,"Improvement, innovation and learning",WEL-IL-03,"Staff and leaders engage with external work, including research, and embed evidence-based good practice in the service."
Nursing Home,Well-Led,"Improvement, innovation and learning",WEL-IL-04,Leaders encourage collective problem-solving and innovation; staff at all levels are involved in identifying and addressing problems to achieve consistency in the quality of care.
Nursing Home,Well-Led,Partnerships and communities,WEL-PC-01,The service maintains positive relationships with the local community and works well with community partners.
Nursing Home,Well-Led,Partnerships and communities,WEL-PC-02,"Staff and leaders work in partnership with other organisations, including local health services, so that care works as seamlessly as possible for people."
Nursing Home,Well-Led,Partnerships and communities,WEL-PC-03,"Staff and leaders engage with people, communities and partners to share learning with each other, which results in continuous improvements to the service."
Nursing Home,Well-Led,Partnerships and communities,WEL-PC-04,"People who use the service are meaningfully involved in how it is designed, delivered and evaluated, including through co-production with residents and families."
Nursing Home,Well-Led,Strategic direction,WEL-SD-01,"The values of the service are clear, understood and supported by staff, demonstrated through the behaviour of leaders and in day-to-day practices within the service."
Nursing Home,Well-Led,Strategic direction,WEL-SD-02,"Leaders learn from staff who work directly with people; feedback is valued and used to track progress, shape priorities and drive improvements."
Nursing Home,Well-Led,Strategic direction,WEL-SD-03,The strategy supports the stability and operational sustainability of the service; succession planning ensures high-quality leadership is sustained.
Nursing Home,Well-Led,Strategic direction,WEL-SD-04,"The vision, values and strategy have been developed through structured planning and co-production with people who use the service, staff and partners."
Nursing Home,Well-Led,Workforce equity and culture,WEL-WE-01,"The service is committed to workforce equality and proactively works to promote equality, diversity and inclusion, applied to recruitment, development and progression."
Nursing Home,Well-Led,Workforce equity and culture,WEL-WE-02,Staff are actively encouraged to raise concerns through formal speaking up processes and are confident they will be treated with compassion and will not be blamed or treated negatively for doing so.
Nursing Home,Well-Led,Workforce equity and culture,WEL-WE-03,"Staff wellbeing is promoted through personalised support, including reasonable adjustments, flexible working and ensuring adequate rest; there is support when staff are struggling at work."
Nursing Home,Well-Led,Workforce equity and culture,WEL-WE-04,"The service identifies workforce inequalities against equality, diversity and inclusion objectives; interventions to address these are monitored to evaluate their impact."
Nursing Home,Well-Led,Workforce equity and culture,WEL-WE-05,"The service supports staff who face discrimination and takes action against those who discriminate, supported by clear policies and processes."
Residential Care Home,Safe,Safety culture,SAF-SC-01,"All incidents are recorded, investigated and outcomes are communicated to those involved. If harm has occurred, people are given full details of what happened, why, and what has been learned."
Residential Care Home,Safe,Safety culture,SAF-SC-02,"There is a good understanding of the duty of candour. When an incident has happened, staff are open and transparent with people and those close to them."
Residential Care Home,Safe,Safety culture,SAF-SC-03,"There is a strong learning culture in which incidents that have caused harm, or could cause harm, are treated as opportunities to improve."
Residential Care Home,Safe,Safety culture,SAF-SC-04,"Complaints, concerns and other feedback about safety are welcomed and prioritised as key sources used to identify and manage safety risks before safety incidents happen."
Residential Care Home,Safe,Safety culture,SAF-SC-05,"The service looks for safety-related themes and trends. Patient safety alerts are consistently reviewed and acted on, and learning from external safety incidents is embedded in the delivery of care."
Residential Care Home,Safe,Safety culture,SAF-SC-06,"Staff and leaders understand what constitutes a closed culture and the risks to people, including organisational abuse. There are systems and processes in place to identify concerns and prevent closed cultures from developing, and appropriate action is taken when needed."
Residential Care Home,Safe,Managing risks during care and treatment,SAF-MR-01,"People's care plans reflect any foreseeable risks and how they should be managed. Deterioration, emergencies and clinical risks are anticipated where possible and managed to reduce the potential for harm."
Residential Care Home,Safe,Managing risks during care and treatment,SAF-MR-02,People are respected and protected from avoidable harm because care is provided in line with recognised good practice guidance.
Residential Care Home,Safe,Managing risks during care and treatment,SAF-MR-03,"Care, support and treatment are discussed with people so they understand the potential risks and side effects. Where appropriate, people and those close to them are actively involved in managing their own risks."
Residential Care Home,Safe,Managing risks during care and treatment,SAF-MR-04,"The service has a process to ensure that any restrictions on people's freedom, choice and control are necessary, proportionate and safe. This particularly includes where people lack mental capacity."
Residential Care Home,Safe,Managing risks during care and treatment,SAF-MR-05,"Restraint is only ever used as a last resort and there is a clear commitment from all staff to minimising the use of restrictive interventions in the service. If staff use restraint, it is lawful, for a legitimate purpose, safe and necessary, and staff follow good practice."
Residential Care Home,Safe,Safe systems pathways and transitions,SAF-SP-01,"Plans and information for care during transitions are established and shared before people move between services. Plans consider people's individual needs, circumstances, ongoing care arrangements and expected outcomes."
Residential Care Home,Safe,Safe systems pathways and transitions,SAF-SP-02,"Safety and continuity are maintained across people's care journeys through collaborative working with people, staff and partners. This includes where people are moving between or accessing multiple services."
Residential Care Home,Safe,Safe systems pathways and transitions,SAF-SP-03,"Staff work together proactively with teams in other services, commissioners and people using the service to deliver co-ordinated, timely, consistent and person-centred care, support and treatment. Actions are appropriately owned and followed up."
Residential Care Home,Safe,Safe systems pathways and transitions,SAF-SP-04,"When people have needs that are outside of the service's remit, staff adapt support and escalate issues to relevant agencies."
Residential Care Home,Safe,Safe systems pathways and transitions,SAF-SP-05,"The service has appropriate systems and processes to manage its responsibilities in relation to delegated healthcare activities safely, in line with good practice."
Residential Care Home,Safe,Safeguarding,SAF-SG-01,"There are effective safeguarding systems, processes and practices, managed by appropriately trained staff, which protect people from abuse, neglect, harassment and breaches of their dignity. These operate in line with legislation and guidance, are communicated effectively and are accessible to people, staff and visitors to the service."
Residential Care Home,Safe,Safeguarding,SAF-SG-02,"Staff can identify abuse and improper treatment. They recognise early indicators of potential abuse or poor care, even when these do not meet the threshold for formal safeguarding concerns. Staff act quickly and appropriately to protect people, working closely with partners."
Residential Care Home,Safe,Safeguarding,SAF-SG-03,"Information about people who have suffered harm or are at risk of harm is shared appropriately with other agencies, such as the local authority, in a timely way. Staff use appropriate escalation pathways when concerns are not addressed."
Residential Care Home,Safe,Safeguarding,SAF-SG-04,"People are deprived of their liberty lawfully. Any potential deprivation of liberty is recognised promptly and appropriate authorisation is sought. Where applicable, the Deprivation of Liberty Safeguards (DoLS) are used appropriately and only when it is in the best interests of the person."
Residential Care Home,Safe,Safeguarding,SAF-SG-05,"People are supported to understand what safeguarding means and how to raise concerns on behalf of themselves and others, and are encouraged and empowered to do so."
Residential Care Home,Safe,Safe environments and infection prevention and control,SAF-EI-01,Fire safety procedures are effective. Concerns are escalated appropriately where the service is not directly responsible for the premises.
Residential Care Home,Safe,Safe environments and infection prevention and control,SAF-EI-02,"Where the provider is responsible, there is a comprehensive system to proactively manage the safety and upkeep of the premises (including communal and personal spaces) and equipment, and risks are assessed and controlled. Professionally qualified and competent people complete the necessary environmental and equipment checks and maintenance."
Residential Care Home,Safe,Safe environments and infection prevention and control,SAF-EI-03,The service manages the control and prevention of infection well. Infection prevention and control roles are clear. The risk of infection is minimised because premises and equipment are kept clean and hygienic.
Residential Care Home,Safe,Safe environments and infection prevention and control,SAF-EI-04,"The service monitors and acts on equipment alerts, recalls and safety information."
Residential Care Home,Safe,Safe environments and infection prevention and control,SAF-EI-05,"Facilities, equipment (including special or adaptive equipment) and technology that are the responsibility of the service are maintained, stored and used in line with good practice and guidance."
Residential Care Home,Safe,Safe staffing,SAF-SS-01,"There are appropriate staffing levels and skill mix to meet people's needs. Individual needs are taken into consideration so that when people receive one-to-one support, the skills and experience of staff are matched to the person's needs."
Residential Care Home,Safe,Safe staffing,SAF-SS-02,"Thorough and safe recruitment practices ensure staff, including agency staff and volunteers, are suitably experienced, qualified and competent to carry out their roles."
Residential Care Home,Safe,Safe staffing,SAF-SS-03,"Actions are taken to protect staff from fatigue, and leaders understand its impact on the safety of those who use services."
Residential Care Home,Safe,Safe staffing,SAF-SS-04,"There are induction, supervision and appraisal processes to support staff to develop and improve services (including professional revalidation where needed)."
Residential Care Home,Safe,Safe medicines and treatments,SAF-MT-01,"There is a clear approach to the safe use of medicines, and roles and responsibilities are understood."
Residential Care Home,Safe,Safe medicines and treatments,SAF-MT-02,"Controlled drugs are stored, recorded, administered and disposed of in line with legislation and guidance."
Residential Care Home,Safe,Safe medicines and treatments,SAF-MT-03,"Where the service is responsible, medicines are ordered, administered, recorded, stored and disposed of safely in line with legislation and guidance."
Residential Care Home,Safe,Safe medicines and treatments,SAF-MT-04,"The administration of PRN medicines (medicines taken when required) is guided by clear protocols, and there are timely reviews."
Residential Care Home,Safe,Safe medicines and treatments,SAF-MT-05,"People and their representatives are involved in assessments, reviews and decisions, including the level of support needed and self-medication. This is clearly documented in care records."
Residential Care Home,Safe,Safe medicines and treatments,SAF-MT-06,"The service actively considers opportunities to reduce the over-medication of people, in line with STOMP/STAMP principles where applicable."
Residential Care Home,Effective,Assessing needs,EFF-AN-01,"People's needs are comprehensively assessed, and reflect their wishes and physical, mental, emotional, sensory, social and communication needs, including those related to protected equality characteristics."
Residential Care Home,Effective,Assessing needs,EFF-AN-02,"Assessments are regularly reviewed and updated to make sure staff have current information, so that care, support and treatment is meeting people's needs and individual outcomes as expected."
Residential Care Home,Effective,Assessing needs,EFF-AN-03,"People's communication needs are assessed and met to maximise the effectiveness of care, support and treatment."
Residential Care Home,Effective,Assessing needs,EFF-AN-04,"People are involved as much as possible in their needs assessment and their needs are fully identified and understood. Where people need support to be involved, this is provided."
Residential Care Home,Effective,Evidence-based care and equitable outcomes,EFF-EB-01,"People's nutritional and hydration needs are met in line with current standards and good practice guidance. Where applicable, there is positive feedback from dietetic professionals that the service asks for their advice and applies it properly."
Residential Care Home,Effective,Evidence-based care and equitable outcomes,EFF-EB-02,"People are supported to plan and manage their dietary needs and associated risks, including risks of poor nutrition, dehydration, swallowing problems and other medical conditions that affect their health."
Residential Care Home,Effective,Evidence-based care and equitable outcomes,EFF-EB-03,"There is a rigorous approach to monitoring the effectiveness of people's care, support and treatment and the service takes action to continuously improve it."
Residential Care Home,Effective,Evidence-based care and equitable outcomes,EFF-EB-04,"Staff monitor and evaluate outcomes related to people's health and quality of life, including those linked to their aspirations and skill development, and act to improve them when possible."
Residential Care Home,Effective,Evidence-based care and equitable outcomes,EFF-EB-05,"Staff are aware of individual preferences in relation to eating and drinking and there is flexibility when needed or requested. There are good quality food choices and these respect individual wishes, including those relating to sensory, cultural, religious and ethical preferences."
Residential Care Home,Effective,Supporting people to live healthier lives,EFF-HL-01,"The service works with people who use services and professionals to plan and enable access to health and social care support to achieve good health and wellbeing outcomes. This includes facilitating reasonable adjustments, supporting people to access health checks or to complete healthcare passports."
Residential Care Home,Effective,Supporting people to live healthier lives,EFF-HL-02,"Risks to people's health and wellbeing are identified and support to prevent deterioration is prioritised. This includes understanding specific risks for a person due to their needs and specific health conditions, keeping well in hot and cold weather and supporting people to remain as active and mobile as possible."
Residential Care Home,Effective,Supporting people to live healthier lives,EFF-HL-03,"People are encouraged and supported to make healthier choices relating to diet, lifestyle, physical activity, personal and oral hygiene."
Residential Care Home,Effective,Consent to care and treatment,EFF-CT-01,"Staff know the importance of consent and relevant legal requirements. They make sure people understand what they are consenting to before they deliver care, support or treatment. People are given the appropriate information, support and time they need to make an informed decision."
Residential Care Home,Effective,Consent to care and treatment,EFF-CT-02,"There is a clear understanding of the requirements of the Mental Capacity Act 2005 and guidance relating to capacity and consent, and staff demonstrate how they put these into practice effectively. People are supported to understand information, communicate and make decisions about their life, care, support and treatment in line with the Mental Capacity Act 2005, involving their representatives and advocates when needed."
Residential Care Home,Effective,Consent to care and treatment,EFF-CT-03,"People are supported to access independent advocacy, including statutory or non-statutory when available, and advocates are appropriately involved by the service."
Residential Care Home,Effective,Consent to care and treatment,EFF-CT-04,"The service makes lawful decisions in people's best interests when required. People are involved and their feelings, beliefs and values are considered. Those close to the person and their advocates are involved and kept informed of any changes as appropriate."
Residential Care Home,Caring,Kindness compassion and dignity,CAR-KD-01,"There is a culture of kindness and respect across teams. People feel cared for with kindness, compassion, dignity and respect."
Residential Care Home,Caring,Kindness compassion and dignity,CAR-KD-02,"People's privacy, confidentiality, and respect are consistently upheld. Staff are discreet and challenge behaviour and practices that fall short of this. Staff have a clear understanding of the boundaries of confidentiality and work within these."
Residential Care Home,Caring,Kindness compassion and dignity,CAR-KD-03,"Staff genuinely care about people's wellbeing and show it in a thoughtful, meaningful way. They promptly respond to people's emotions, discomfort, distress, or urgent needs in a positive way."
Residential Care Home,Caring,Person-centred care,CAR-PC-01,"People are at the centre of how their care, support and treatment is delivered. Care is tailored to the individual and is not task-focused."
Residential Care Home,Caring,Person-centred care,CAR-PC-02,"Staff treat people as individuals, considering any relevant protected equality characteristics and ensuring their personal, cultural, social, spiritual and religious needs are understood and met."
Residential Care Home,Caring,Independence choice and control,CAR-IC-01,"If people wish to, they are encouraged and enabled to access meaningful activities, hobbies and interests in a personalised way. People are offered meaningful and genuine choices."
Residential Care Home,Caring,Independence choice and control,CAR-IC-02,"People are supported to establish and maintain relationships and networks that are important to them, with access to family, friends, cultural connections, and advocacy support while using the service. When applicable, visiting restrictions are limited to exceptional circumstances in accordance with guidance and legislation."
Residential Care Home,Caring,Independence choice and control,CAR-IC-03,"People are supported to make decisions about end of life preferences and advance decisions if they wish to. People who may be approaching the end of their life are identified to ensure their needs are met, in line with their preferences and choices, and the right support is provided."
Residential Care Home,Caring,Independence choice and control,CAR-IC-04,"There is a compassionate and supportive approach towards those close to the person, or staff, before and after a person dies."
Residential Care Home,Caring,Independence choice and control,CAR-IC-05,"People are supported to plan for important life changes, including those relating to potential medical and psychological needs. They can have enough time and accessible information to make informed decisions about their future."
Residential Care Home,Caring,Independence choice and control,CAR-IC-06,"People have choice and control over their own care and are empowered to make decisions about their care, support, treatment and wellbeing."
Residential Care Home,Responsive,Care provision integration and continuity,RES-CC-01,The service understands the diverse needs of the people who use it and tailors their support accordingly. This includes recognising and responding to the needs of people with protected equality characteristics and those most at risk of experiencing poorer care or facing barriers to accessing care.
Residential Care Home,Responsive,Care provision integration and continuity,RES-CC-02,"The service works collaboratively and flexibly with others. People experience continuity of care, support and treatment; this includes working with commissioners to manage continuity of care."
Residential Care Home,Responsive,Care provision integration and continuity,RES-CC-03,"Where support is provided by more than one service, or by unpaid carers, staff work in a planned, coordinated and flexible way to make sure care is joined up and meets people's needs."
Residential Care Home,Responsive,Care provision integration and continuity,RES-CC-04,Staff can identify and take appropriate action when there is a gap in care provision. This includes identifying and taking appropriate action where people are eligible to receive more care or support.
Residential Care Home,Responsive,Listening to and responding to feedback,RES-LF-01,"People and those close to them understand how to give feedback, make suggestions or complain about care, support and treatment. They can do this in a way that meets their needs."
Residential Care Home,Responsive,Listening to and responding to feedback,RES-LF-02,"The staff and service welcome feedback, concerns or complaints as an opportunity to improve the service and the quality of care people receive. Learning from feedback, concerns or complaints is incorporated into practice."
Residential Care Home,Responsive,Listening to and responding to feedback,RES-LF-03,"The service keeps people informed about how their feedback has been addressed and any action taken including a full explanation when it has not been acted on. It does this in line with established processes, and people are given information on how to escalate their complaints to the relevant Ombudsman at the end of its complaint process."
Residential Care Home,Responsive,Listening to and responding to feedback,RES-LF-04,"People feel confident that their views or concerns will be taken seriously and they will be treated compassionately, without negative repercussions."
Residential Care Home,Responsive,Timely and equitable access,RES-TA-01,"People can access care, support and treatment, including physically, when they need it and in a way that works for them, which promotes equality, removes barriers or delays and protects their rights."
Residential Care Home,Responsive,Timely and equitable access,RES-TA-02,Reasonable adjustments are understood and made to ensure equal access to the service for all. This removes barriers for people who find it hard to access services.
Residential Care Home,Responsive,Timely and equitable access,RES-TA-03,"The service is designed to be accessible and available for people at the point of need, including those most likely to have difficulty accessing care. When there are barriers that prevent equitable access, they are removed."
Residential Care Home,Responsive,Equity in experiences,RES-EE-01,"Leaders and staff work collaboratively to achieve equity. They do this by recognising barriers, collecting and acting on evidence, including people's experiences, and allocating resources to reduce barriers and improve this."
Residential Care Home,Responsive,Equity in experiences,RES-EE-02,Interpreting and translation are provided or accessed for people who don't speak English as a first language and for people who use British Sign Language.
Residential Care Home,Responsive,Equity in experiences,RES-EE-03,Staff are supported to develop the skills they need to remove barriers to effective communication with the people they support.
Residential Care Home,Well-Led,Strategic direction,WEL-SD-01,"The values of the service are clear, understood and supported by staff. They are demonstrated through the behaviour of leaders and in practices within the service. They include key principles such as openness, involvement, respect, human rights, inclusion, diversity and equality."
Residential Care Home,Well-Led,Strategic direction,WEL-SD-02,"Leaders learn from staff who work directly with people, to build trust and mutual understanding. Feedback is valued and used to track progress, shape priorities and drive improvements."
Residential Care Home,Well-Led,Strategic direction,WEL-SD-03,The strategy supports the stability and operational sustainability of the service.
Residential Care Home,Well-Led,Workforce equity and culture,WEL-WE-01,"The service is committed to workforce equality, understands equity and proactively works to promote equality, diversity and inclusion. Wellbeing, inclusion, trust and open communication are embedded in the culture of the service."
Residential Care Home,Well-Led,Workforce equity and culture,WEL-WE-02,"Staff and volunteers are actively encouraged to give feedback, raise concerns, and contribute to improvements through formal speaking up processes. They are confident that they will be treated with compassion and understanding, and will not be blamed, or treated negatively if they do so - including in relation to issues of racism and discrimination."
Residential Care Home,Well-Led,Workforce equity and culture,WEL-WE-03,"Staff wellbeing is promoted by providing personalised support, such as making reasonable adjustments, enabling flexible working, ensuring adequate rest, and providing a positive work environment. There is support if people are struggling at work."
Residential Care Home,Well-Led,Capable and compassionate leaders,WEL-CL-01,"Where required, there is a registered manager in post. They understand their responsibilities and are supported by the board, trustees or directors and other managers to deliver good, effective, high-quality care."
Residential Care Home,Well-Led,Capable and compassionate leaders,WEL-CL-02,"High-quality leadership is sustained through safe, effective, and inclusive recruitment and succession planning."
Residential Care Home,Well-Led,Capable and compassionate leaders,WEL-CL-03,Leaders are knowledgeable about issues and priorities that affect the quality of the service and have access to appropriate development in their role. They seek support or independent scrutiny where required.
Residential Care Home,Well-Led,Capable and compassionate leaders,WEL-CL-04,"When something goes wrong, people receive a sincere and timely apology and are told about any actions being taken to prevent the same thing happening again."
Residential Care Home,Well-Led,Governance and management,WEL-GM-01,The service has an accurate statement of purpose that clearly reflects current service provision.
Residential Care Home,Well-Led,Governance and management,WEL-GM-02,"There are effective systems for monitoring and managing service performance, risk and learning from incidents that support innovation while maintaining the quality of care at the service."
Residential Care Home,Well-Led,Governance and management,WEL-GM-03,"There are secure and reliable arrangements for the availability, integrity and confidentiality of data, records and data management systems. Information is used effectively to monitor and improve the quality of care. Staff understand their responsibilities when collecting and sharing information."
Residential Care Home,Well-Led,Governance and management,WEL-GM-04,"There are thorough business continuity plans in place for emergencies or natural disasters, such as adverse weather events, and staff know how to put these into practice."
Residential Care Home,Well-Led,Governance and management,WEL-GM-05,Data or notifications are consistently submitted to external partners as required.
Residential Care Home,Well-Led,Governance and management,WEL-GM-06,"There are clear and effective governance, management and accountability arrangements. Staff understand their roles and responsibilities. Managers can account for the actions, behaviours and performance of staff."
Residential Care Home,Well-Led,Partnerships and communities,WEL-PC-01,The service maintains positive relationships with the local community and works well with community partners.
Residential Care Home,Well-Led,Partnerships and communities,WEL-PC-02,"Staff and leaders work in partnership with people and other organisations, so that services work as seamlessly as possible for people."
Residential Care Home,Well-Led,Partnerships and communities,WEL-PC-03,"The service has strong external relationships and all staff including leaders engage early with people, communities, and partners to share learning with each other, which results in continuous improvements to the service."
Residential Care Home,Well-Led,Improvement innovation and learning,WEL-IL-01,"Staff and leaders understand how to drive improvement through consistent approaches that enable the right environment for improvement, measuring outcomes and impact."
Residential Care Home,Well-Led,Improvement innovation and learning,WEL-IL-02,"Leaders foster a culture of trust by encouraging staff to speak up with ideas for improvement and innovation, and by actively investing time to listen and engage."
Residential Care Home,Well-Led,Improvement innovation and learning,WEL-IL-03,"Staff and leaders engage with external work, including research, and embed evidence-based good practice in the service."
Dual-Registered Care Home,Safe,Safety culture,SAF-SC-01,"All incidents are recorded, investigated and outcomes are communicated to those involved. If harm has occurred, people are given full details of what happened, why, and what has been learned."
Dual-Registered Care Home,Safe,Safety culture,SAF-SC-01,"All incidents are recorded, investigated and outcomes are communicated to those involved. If harm has occurred, people are given full details of what happened, why, and what has been learned."
Dual-Registered Care Home,Safe,Safety culture,SAF-SC-02,"There is a good understanding of the duty of candour. When an incident has happened, staff are open and transparent with people and those close to them."
Dual-Registered Care Home,Safe,Safety culture,SAF-SC-02,"There is a good understanding of the duty of candour. When an incident has happened, staff are open and transparent with people and those close to them."
Dual-Registered Care Home,Safe,Safety culture,SAF-SC-03,"There is a strong learning culture in which incidents that have caused harm, or could cause harm, are treated as opportunities to improve."
Dual-Registered Care Home,Safe,Safety culture,SAF-SC-03,"There is a strong learning culture in which incidents that have caused harm, or could cause harm, are treated as opportunities to improve."
Dual-Registered Care Home,Safe,Safety culture,SAF-SC-04,"Complaints, concerns and other feedback about safety are welcomed and prioritised as key sources used to identify and manage safety risks before safety incidents happen."
Dual-Registered Care Home,Safe,Safety culture,SAF-SC-04,"Complaints, concerns and other feedback about safety are welcomed and prioritised as key sources used to identify and manage safety risks before safety incidents happen."
Dual-Registered Care Home,Safe,Safety culture,SAF-SC-05,"The service looks for safety-related themes and trends. Patient safety alerts are consistently reviewed and acted on, and learning from external safety incidents is embedded in the delivery of care."
Dual-Registered Care Home,Safe,Safety culture,SAF-SC-05,"The service looks for safety-related themes and trends. Patient safety alerts are consistently reviewed and acted on, and learning from external safety incidents is embedded in the delivery of care."
Dual-Registered Care Home,Safe,Safety culture,SAF-SC-06,"Staff and leaders understand what constitutes a closed culture and the risks to people, including organisational abuse; systems are in place to identify concerns and prevent closed cultures from developing."
Dual-Registered Care Home,Safe,Safety culture,SAF-SC-06,"Staff and leaders understand what constitutes a closed culture and the risks to people, including organisational abuse; systems are in place to identify concerns and prevent closed cultures from developing."
Dual-Registered Care Home,Safe,Managing risks during care and treatment,SAF-MR-01,"People's care plans reflect any foreseeable risks and how they should be managed. Deterioration, emergencies and clinical risks are anticipated where possible and managed to reduce the potential for harm."
Dual-Registered Care Home,Safe,Managing risks during care and treatment,SAF-MR-01,"People's care plans reflect any foreseeable risks and how they should be managed. Deterioration, emergencies and clinical risks are anticipated where possible and managed to reduce the potential for harm."
Dual-Registered Care Home,Safe,Managing risks during care and treatment,SAF-MR-02,People are respected and protected from avoidable harm because care is provided in line with recognised good practice guidance.
Dual-Registered Care Home,Safe,Managing risks during care and treatment,SAF-MR-02,People are respected and protected from avoidable harm because care is provided in line with recognised good practice guidance.
Dual-Registered Care Home,Safe,Managing risks during care and treatment,SAF-MR-03,"Care, support and treatment are discussed with people so they understand the potential risks and side effects. Where appropriate, people and those close to them are actively involved in managing their own risks."
Dual-Registered Care Home,Safe,Managing risks during care and treatment,SAF-MR-03,"Care, support and treatment are discussed with people so they understand the potential risks and side effects. Where appropriate, people and those close to them are actively involved in managing their own risks."
Dual-Registered Care Home,Safe,Managing risks during care and treatment,SAF-MR-04,"The service has a process to ensure that any restrictions on people's freedom, choice and control are necessary, proportionate and safe. This particularly includes where people lack mental capacity."
Dual-Registered Care Home,Safe,Managing risks during care and treatment,SAF-MR-04,"The service has a process to ensure that any restrictions on people's freedom, choice and control are necessary, proportionate and safe. This particularly includes where people lack mental capacity."
Dual-Registered Care Home,Safe,Managing risks during care and treatment,SAF-MR-05,There is a balanced and proportionate approach to risk; people's rights and choices are respected and people are supported to take carefully managed risks to live fulfilling lives.
Dual-Registered Care Home,Safe,Managing risks during care and treatment,SAF-MR-05,There is a balanced and proportionate approach to risk; people's rights and choices are respected and people are supported to take carefully managed risks to live fulfilling lives.
Dual-Registered Care Home,Safe,Managing risks during care and treatment,SAF-MR-06,"The service has a process to ensure restrictions on people's freedom, choice and control are necessary, proportionate and safe; restraint is only used as a last resort with a clear commitment to minimising restrictive interventions."
Dual-Registered Care Home,Safe,Managing risks during care and treatment,SAF-MR-06,"The service has a process to ensure restrictions on people's freedom, choice and control are necessary, proportionate and safe; restraint is only used as a last resort with a clear commitment to minimising restrictive interventions."
Dual-Registered Care Home,Safe,Managing risks during care and treatment,SAF-MR-07,"Clinical deterioration is anticipated and managed using validated assessment tools, with a clear escalation process to reduce the potential for harm."
Dual-Registered Care Home,Safe,Managing risks during care and treatment,SAF-MR-07,"Clinical deterioration is anticipated and managed using validated assessment tools, with a clear escalation process to reduce the potential for harm."
Dual-Registered Care Home,Safe,Safe systems pathways and transitions,SAF-SP-01,"Plans and information for care during transitions are established and shared before people move between services. Plans consider people's individual needs, circumstances, ongoing care arrangements and expected outcomes."
Dual-Registered Care Home,Safe,Safe systems pathways and transitions,SAF-SP-01,"Plans and information for care during transitions are established and shared before people move between services. Plans consider people's individual needs, circumstances, ongoing care arrangements and expected outcomes."
Dual-Registered Care Home,Safe,Safe systems pathways and transitions,SAF-SP-02,"Safety and continuity are maintained across people's care journeys through collaborative working with people, staff and partners. This includes where people are moving between or accessing multiple services."
Dual-Registered Care Home,Safe,Safe systems pathways and transitions,SAF-SP-02,"Safety and continuity are maintained across people's care journeys through collaborative working with people, staff and partners. This includes where people are moving between or accessing multiple services."
Dual-Registered Care Home,Safe,Safe systems pathways and transitions,SAF-SP-03,"Staff work together proactively with teams in other services, commissioners and people using the service to deliver co-ordinated, timely, consistent and person-centred care, support and treatment. Actions are appropriately owned and followed up."
Dual-Registered Care Home,Safe,Safe systems pathways and transitions,SAF-SP-03,"Staff work together proactively with teams in other services, commissioners and people using the service to deliver co-ordinated, timely, consistent and person-centred care, support and treatment. Actions are appropriately owned and followed up."
Dual-Registered Care Home,Safe,Safe systems pathways and transitions,SAF-SP-04,"When people have needs that are outside of the service's remit, staff adapt support and escalate issues to relevant agencies."
Dual-Registered Care Home,Safe,Safe systems pathways and transitions,SAF-SP-04,"When people have needs that are outside of the service's remit, staff adapt support and escalate issues to relevant agencies."
Dual-Registered Care Home,Safe,Safe systems pathways and transitions,SAF-SP-05,"A clear, documented process exists for transferring a resident between the residential and nursing parts of the service, including whether a new pre-admission assessment is triggered."
Dual-Registered Care Home,Safe,Safe systems pathways and transitions,SAF-SP-06,"Each resident's current regulated activity (residential or nursing) is clearly and unambiguously recorded, so the correct staffing competency and evidence standards apply to their care."
Dual-Registered Care Home,Safe,Safeguarding,SAF-SG-01,"There are effective safeguarding systems, processes and practices, managed by appropriately trained staff, which protect people from abuse, neglect, harassment and breaches of their dignity. These operate in line with legislation and guidance, are communicated effectively and are accessible to people, staff and visitors to the service."
Dual-Registered Care Home,Safe,Safeguarding,SAF-SG-01,"There are effective safeguarding systems, processes and practices, managed by appropriately trained staff, which protect people from abuse, neglect, harassment and breaches of their dignity. These operate in line with legislation and guidance, are communicated effectively and are accessible to people, staff and visitors to the service."
Dual-Registered Care Home,Safe,Safeguarding,SAF-SG-02,"Staff can identify abuse and improper treatment. They recognise early indicators of potential abuse or poor care, even when these do not meet the threshold for formal safeguarding concerns. Staff act quickly and appropriately to protect people, working closely with partners."
Dual-Registered Care Home,Safe,Safeguarding,SAF-SG-02,"Staff can identify abuse and improper treatment. They recognise early indicators of potential abuse or poor care, even when these do not meet the threshold for formal safeguarding concerns. Staff act quickly and appropriately to protect people, working closely with partners."
Dual-Registered Care Home,Safe,Safeguarding,SAF-SG-03,"Information about people who have suffered harm or are at risk of harm is shared appropriately with other agencies, such as the local authority, in a timely way. Staff use appropriate escalation pathways when concerns are not addressed."
Dual-Registered Care Home,Safe,Safeguarding,SAF-SG-03,"Information about people who have suffered harm or are at risk of harm is shared appropriately with other agencies, such as the local authority, in a timely way. Staff use appropriate escalation pathways when concerns are not addressed."
Dual-Registered Care Home,Safe,Safeguarding,SAF-SG-04,People are deprived of their liberty lawfully; any potential deprivation of liberty is recognised promptly and appropriate DoLS authorisation is sought; conditions are regularly reviewed and met.
Dual-Registered Care Home,Safe,Safeguarding,SAF-SG-04,People are deprived of their liberty lawfully; any potential deprivation of liberty is recognised promptly and appropriate DoLS authorisation is sought; conditions are regularly reviewed and met.
Dual-Registered Care Home,Safe,Safeguarding,SAF-SG-05,"People are empowered to develop and maintain safe intimate relationships, where they choose to, in accordance with their rights; staff are trained to support this appropriately."
Dual-Registered Care Home,Safe,Safeguarding,SAF-SG-05,"People are empowered to develop and maintain safe intimate relationships, where they choose to, in accordance with their rights; staff are trained to support this appropriately."
Dual-Registered Care Home,Safe,Safeguarding,SAF-SG-06,Online safety is considered and people are supported to understand how they can protect themselves when using the internet or digital devices.
Dual-Registered Care Home,Safe,Safeguarding,SAF-SG-06,Online safety is considered and people are supported to understand how they can protect themselves when using the internet or digital devices.
Dual-Registered Care Home,Safe,Safe environments and infection prevention and control,SAF-EI-01,Fire safety procedures are effective. Concerns are escalated appropriately where the service is not directly responsible for the premises.
Dual-Registered Care Home,Safe,Safe environments and infection prevention and control,SAF-EI-01,Fire safety procedures are effective. Concerns are escalated appropriately where the service is not directly responsible for the premises.
Dual-Registered Care Home,Safe,Safe environments and infection prevention and control,SAF-EI-02,"Where the provider is responsible, there is a comprehensive system to proactively manage the safety and upkeep of the premises (including communal and personal spaces) and equipment, and risks are assessed and controlled. Professionally qualified and competent people complete the necessary environmental and equipment checks and maintenance."
Dual-Registered Care Home,Safe,Safe environments and infection prevention and control,SAF-EI-02,"Where the provider is responsible, there is a comprehensive system to proactively manage the safety and upkeep of the premises (including communal and personal spaces) and equipment, and risks are assessed and controlled. Professionally qualified and competent people complete the necessary environmental and equipment checks and maintenance."
Dual-Registered Care Home,Safe,Safe environments and infection prevention and control,SAF-EI-03,The service manages the control and prevention of infection well. Infection prevention and control roles are clear. The risk of infection is minimised because premises and equipment are kept clean and hygienic.
Dual-Registered Care Home,Safe,Safe environments and infection prevention and control,SAF-EI-03,The service manages the control and prevention of infection well. Infection prevention and control roles are clear. The risk of infection is minimised because premises and equipment are kept clean and hygienic.
Dual-Registered Care Home,Safe,Safe environments and infection prevention and control,SAF-EI-04,The service monitors and acts on equipment alerts and safety information.
Dual-Registered Care Home,Safe,Safe environments and infection prevention and control,SAF-EI-04,The service monitors and acts on equipment alerts and safety information.
Dual-Registered Care Home,Safe,Safe environments and infection prevention and control,SAF-EI-05,"Facilities, equipment (including special or adaptive equipment) and technology that are the responsibility of the service are maintained, stored and used in line with good practice and guidance."
Dual-Registered Care Home,Safe,Safe environments and infection prevention and control,SAF-EI-05,"Facilities, equipment (including special or adaptive equipment) and technology that are the responsibility of the service are maintained, stored and used in line with good practice and guidance."
Dual-Registered Care Home,Safe,Safe environments and infection prevention and control,SAF-EI-06,The service monitors and acts on equipment alerts and recalls and safety information in a timely way.
Dual-Registered Care Home,Safe,Safe environments and infection prevention and control,SAF-EI-06,The service monitors and acts on equipment alerts and recalls and safety information in a timely way.
Dual-Registered Care Home,Safe,Safe environments and infection prevention and control,SAF-EI-07,Fire risk assessment and evacuation plan explicitly account for mixed acuity and mobility across both the residential and nursing parts of the building.
Dual-Registered Care Home,Safe,Safe staffing,SAF-SS-01,"There are appropriate staffing levels and skill mix to meet people's needs. Individual needs are taken into consideration so that when people receive one-to-one support, the skills and experience of staff are matched to the person's needs."
Dual-Registered Care Home,Safe,Safe staffing,SAF-SS-01,"There are appropriate staffing levels and skill mix to meet people's needs. Individual needs are taken into consideration so that when people receive one-to-one support, the skills and experience of staff are matched to the person's needs."
Dual-Registered Care Home,Safe,Safe staffing,SAF-SS-02,"Thorough and safe recruitment practices ensure staff, including agency staff and volunteers, are suitably experienced, qualified and competent to carry out their roles."
Dual-Registered Care Home,Safe,Safe staffing,SAF-SS-02,"Thorough and safe recruitment practices ensure staff, including agency staff and volunteers, are suitably experienced, qualified and competent to carry out their roles."
Dual-Registered Care Home,Safe,Safe staffing,SAF-SS-03,"Actions are taken to protect staff from fatigue, and leaders understand its impact on the safety of those who use services."
Dual-Registered Care Home,Safe,Safe staffing,SAF-SS-03,"Actions are taken to protect staff from fatigue, and leaders understand its impact on the safety of those who use services."
Dual-Registered Care Home,Safe,Safe staffing,SAF-SS-04,"There are induction, supervision and appraisal processes to support staff to develop and improve services (including professional revalidation where needed)."
Dual-Registered Care Home,Safe,Safe staffing,SAF-SS-04,"There are induction, supervision and appraisal processes to support staff to develop and improve services (including professional revalidation where needed)."
Dual-Registered Care Home,Safe,Safe staffing,SAF-SS-05,Actions are taken to protect staff from fatigue and leaders understand its impact on the safety of people who use services; working patterns are monitored.
Dual-Registered Care Home,Safe,Safe staffing,SAF-SS-05,Actions are taken to protect staff from fatigue and leaders understand its impact on the safety of people who use services; working patterns are monitored.
Dual-Registered Care Home,Safe,Safe staffing,SAF-SS-06,"Staff are not cross-deployed between residential and nursing duties beyond their competency, training and registration."
Dual-Registered Care Home,Safe,Safe medicines and treatments,SAF-MT-01,"There is a clear approach to the safe use of medicines, and roles and responsibilities are understood."
Dual-Registered Care Home,Safe,Safe medicines and treatments,SAF-MT-01,"There is a clear approach to the safe use of medicines, and roles and responsibilities are understood."
Dual-Registered Care Home,Safe,Safe medicines and treatments,SAF-MT-02,"Controlled drugs are stored, recorded, administered and disposed of in line with legislation and guidance."
Dual-Registered Care Home,Safe,Safe medicines and treatments,SAF-MT-02,"Controlled drugs are stored, recorded, administered and disposed of in line with legislation and guidance."
Dual-Registered Care Home,Safe,Safe medicines and treatments,SAF-MT-03,"Where the service is responsible, medicines are ordered, administered, recorded, stored and disposed of safely in line with legislation and guidance."
Dual-Registered Care Home,Safe,Safe medicines and treatments,SAF-MT-03,"Where the service is responsible, medicines are ordered, administered, recorded, stored and disposed of safely in line with legislation and guidance."
Dual-Registered Care Home,Safe,Safe medicines and treatments,SAF-MT-04,"The administration of PRN medicines (medicines taken when required) is guided by clear protocols, and there are timely reviews."
Dual-Registered Care Home,Safe,Safe medicines and treatments,SAF-MT-04,"The administration of PRN medicines (medicines taken when required) is guided by clear protocols, and there are timely reviews."
Dual-Registered Care Home,Safe,Safe medicines and treatments,SAF-MT-05,"The service actively considers opportunities to reduce the over-medication of people, in line with STOMP/STAMP principles where applicable."
Dual-Registered Care Home,Safe,Safe medicines and treatments,SAF-MT-05,"The service actively considers opportunities to reduce the over-medication of people, in line with STOMP/STAMP principles where applicable."
Dual-Registered Care Home,Safe,Safe medicines and treatments,SAF-MT-06,The administration of PRN medicines (medicines taken when required) is guided by clear protocols; protocols are reviewed in a timely way.
Dual-Registered Care Home,Safe,Safe medicines and treatments,SAF-MT-06,The administration of PRN medicines (medicines taken when required) is guided by clear protocols; protocols are reviewed in a timely way.
Dual-Registered Care Home,Safe,Safe medicines and treatments,SAF-MT-07,People's capacity and preference for self-medication is assessed and clearly documented in care records; involvement in decisions about medicines is supported.
Dual-Registered Care Home,Safe,Safe medicines and treatments,SAF-MT-07,People's capacity and preference for self-medication is assessed and clearly documented in care records; involvement in decisions about medicines is supported.
Dual-Registered Care Home,Safe,Safe medicines and treatments,SAF-MT-08,"Where covert administration of medicines is used, this is supported in line with the Mental Capacity Act 2005 and clearly documented with a best interests decision."
Dual-Registered Care Home,Safe,Safe medicines and treatments,SAF-MT-08,"Where covert administration of medicines is used, this is supported in line with the Mental Capacity Act 2005 and clearly documented with a best interests decision."
Dual-Registered Care Home,Effective,Assessing needs,EFF-AN-01,"People's needs are comprehensively assessed, and reflect their wishes and physical, mental, emotional, sensory, social and communication needs, including those related to protected equality characteristics."
Dual-Registered Care Home,Effective,Assessing needs,EFF-AN-01,"People's needs are comprehensively assessed, and reflect their wishes and physical, mental, emotional, sensory, social and communication needs, including those related to protected equality characteristics."
Dual-Registered Care Home,Effective,Assessing needs,EFF-AN-02,"Assessments are regularly reviewed and updated to make sure staff have current information, so that care, support and treatment is meeting people's needs and individual outcomes as expected."
Dual-Registered Care Home,Effective,Assessing needs,EFF-AN-02,"Assessments are regularly reviewed and updated to make sure staff have current information, so that care, support and treatment is meeting people's needs and individual outcomes as expected."
Dual-Registered Care Home,Effective,Assessing needs,EFF-AN-03,"People's communication needs are assessed and met to maximise the effectiveness of care, support and treatment."
Dual-Registered Care Home,Effective,Assessing needs,EFF-AN-03,"People's communication needs are assessed and met to maximise the effectiveness of care, support and treatment."
Dual-Registered Care Home,Effective,Assessing needs,EFF-AN-04,Assessments focus on people's strengths and there is a trauma-informed approach to understanding people's needs.
Dual-Registered Care Home,Effective,Assessing needs,EFF-AN-04,Assessments focus on people's strengths and there is a trauma-informed approach to understanding people's needs.
Dual-Registered Care Home,Effective,Evidence-based care and equitable outcomes,EFF-EB-01,"People's nutritional and hydration needs are met in line with current standards and good practice guidance. Where applicable, there is positive feedback from dietetic professionals that the service asks for their advice and applies it properly."
Dual-Registered Care Home,Effective,Evidence-based care and equitable outcomes,EFF-EB-01,"People's nutritional and hydration needs are met in line with current standards and good practice guidance. Where applicable, there is positive feedback from dietetic professionals that the service asks for their advice and applies it properly."
Dual-Registered Care Home,Effective,Evidence-based care and equitable outcomes,EFF-EB-02,"People are supported to plan and manage their dietary needs and associated risks, including risks of poor nutrition, dehydration, swallowing problems and other medical conditions that affect their health."
Dual-Registered Care Home,Effective,Evidence-based care and equitable outcomes,EFF-EB-02,"People are supported to plan and manage their dietary needs and associated risks, including risks of poor nutrition, dehydration, swallowing problems and other medical conditions that affect their health."
Dual-Registered Care Home,Effective,Evidence-based care and equitable outcomes,EFF-EB-03,"There is a rigorous approach to monitoring the effectiveness of people's care, support and treatment and the service takes action to continuously improve it."
Dual-Registered Care Home,Effective,Evidence-based care and equitable outcomes,EFF-EB-03,"There is a rigorous approach to monitoring the effectiveness of people's care, support and treatment and the service takes action to continuously improve it."
Dual-Registered Care Home,Effective,Evidence-based care and equitable outcomes,EFF-EB-04,"Staff monitor and evaluate outcomes related to people's health and quality of life, including those linked to their aspirations and skill development, and act to improve them when possible."
Dual-Registered Care Home,Effective,Evidence-based care and equitable outcomes,EFF-EB-04,"Staff monitor and evaluate outcomes related to people's health and quality of life, including those linked to their aspirations and skill development, and act to improve them when possible."
Dual-Registered Care Home,Effective,Evidence-based care and equitable outcomes,EFF-EB-05,The service empowers people to understand their legal rights to equity of care; staff recognise barriers that prevent equity and resources are allocated to reduce these barriers and improve outcomes.
Dual-Registered Care Home,Effective,Evidence-based care and equitable outcomes,EFF-EB-05,The service empowers people to understand their legal rights to equity of care; staff recognise barriers that prevent equity and resources are allocated to reduce these barriers and improve outcomes.
Dual-Registered Care Home,Effective,Supporting people to live healthier lives,EFF-HL-01,"The service works with people who use services and professionals to plan and enable access to health and social care support to achieve good health and wellbeing outcomes. This includes facilitating reasonable adjustments, supporting people to access health checks or to complete healthcare passports."
Dual-Registered Care Home,Effective,Supporting people to live healthier lives,EFF-HL-01,"The service works with people who use services and professionals to plan and enable access to health and social care support to achieve good health and wellbeing outcomes. This includes facilitating reasonable adjustments, supporting people to access health checks or to complete healthcare passports."
Dual-Registered Care Home,Effective,Supporting people to live healthier lives,EFF-HL-02,"Risks to people's health and wellbeing are identified and support to prevent deterioration is prioritised. This includes understanding specific risks for a person due to their needs and specific health conditions, keeping well in hot and cold weather and supporting people to remain as active and mobile as possible."
Dual-Registered Care Home,Effective,Supporting people to live healthier lives,EFF-HL-02,"Risks to people's health and wellbeing are identified and support to prevent deterioration is prioritised. This includes understanding specific risks for a person due to their needs and specific health conditions, keeping well in hot and cold weather and supporting people to remain as active and mobile as possible."
Dual-Registered Care Home,Effective,Supporting people to live healthier lives,EFF-HL-03,"People are encouraged and supported to make healthier choices relating to diet, lifestyle, physical activity, personal and oral hygiene."
Dual-Registered Care Home,Effective,Supporting people to live healthier lives,EFF-HL-03,"People are encouraged and supported to make healthier choices relating to diet, lifestyle, physical activity, personal and oral hygiene."
Dual-Registered Care Home,Effective,Supporting people to live healthier lives,EFF-HL-04,The service progresses advice and recommendations from other professionals or commissioners to prevent deterioration in health and wellbeing and avoidable hospital admissions.
Dual-Registered Care Home,Effective,Supporting people to live healthier lives,EFF-HL-04,The service progresses advice and recommendations from other professionals or commissioners to prevent deterioration in health and wellbeing and avoidable hospital admissions.
Dual-Registered Care Home,Effective,Consent to care and treatment,EFF-CT-01,"Staff know the importance of consent and relevant legal requirements. They make sure people understand what they are consenting to before they deliver care, support or treatment. People are given the appropriate information, support and time they need to make an informed decision."
Dual-Registered Care Home,Effective,Consent to care and treatment,EFF-CT-01,"Staff know the importance of consent and relevant legal requirements. They make sure people understand what they are consenting to before they deliver care, support or treatment. People are given the appropriate information, support and time they need to make an informed decision."
Dual-Registered Care Home,Effective,Consent to care and treatment,EFF-CT-02,"There is a clear understanding of the requirements of the Mental Capacity Act 2005 and guidance relating to capacity and consent, and staff demonstrate how they put these into practice effectively. People are supported to understand information, communicate and make decisions about their life, care, support and treatment in line with the Mental Capacity Act 2005, involving their representatives and advocates when needed."
Dual-Registered Care Home,Effective,Consent to care and treatment,EFF-CT-02,"There is a clear understanding of the requirements of the Mental Capacity Act 2005 and guidance relating to capacity and consent, and staff demonstrate how they put these into practice effectively. People are supported to understand information, communicate and make decisions about their life, care, support and treatment in line with the Mental Capacity Act 2005, involving their representatives and advocates when needed."
Dual-Registered Care Home,Effective,Consent to care and treatment,EFF-CT-03,"People are supported to access independent advocacy, including statutory or non-statutory when available, and advocates are appropriately involved by the service."
Dual-Registered Care Home,Effective,Consent to care and treatment,EFF-CT-03,"People are supported to access independent advocacy, including statutory or non-statutory when available, and advocates are appropriately involved by the service."
Dual-Registered Care Home,Effective,Consent to care and treatment,EFF-CT-04,"The service makes lawful decisions in people's best interests when required; people are involved and their feelings, beliefs and values are considered, with those close to them kept informed."
Dual-Registered Care Home,Effective,Consent to care and treatment,EFF-CT-04,"The service makes lawful decisions in people's best interests when required; people are involved and their feelings, beliefs and values are considered, with those close to them kept informed."
Dual-Registered Care Home,Caring,Kindness compassion and dignity,CAR-KD-01,"There is a culture of kindness and respect across teams. People feel cared for with kindness, compassion, dignity and respect."
Dual-Registered Care Home,Caring,Kindness compassion and dignity,CAR-KD-01,"There is a culture of kindness and respect across teams. People feel cared for with kindness, compassion, dignity and respect."
Dual-Registered Care Home,Caring,Kindness compassion and dignity,CAR-KD-02,"People's privacy, confidentiality, and respect are consistently upheld. Staff are discreet and challenge behaviour and practices that fall short of this. Staff have a clear understanding of the boundaries of confidentiality and work within these."
Dual-Registered Care Home,Caring,Kindness compassion and dignity,CAR-KD-02,"People's privacy, confidentiality, and respect are consistently upheld. Staff are discreet and challenge behaviour and practices that fall short of this. Staff have a clear understanding of the boundaries of confidentiality and work within these."
Dual-Registered Care Home,Caring,Kindness compassion and dignity,CAR-KD-03,"Staff genuinely care about people's wellbeing and show it in a thoughtful, meaningful way. They promptly respond to people's emotions, discomfort, distress, or urgent needs in a positive way."
Dual-Registered Care Home,Caring,Kindness compassion and dignity,CAR-KD-03,"Staff genuinely care about people's wellbeing and show it in a thoughtful, meaningful way. They promptly respond to people's emotions, discomfort, distress, or urgent needs in a positive way."
Dual-Registered Care Home,Caring,Kindness compassion and dignity,CAR-KD-04,"Staff prioritise and anticipate people's comfort and wellbeing needs, using appropriate tools and communication to avoid preventable discomfort, concern or distress."
Dual-Registered Care Home,Caring,Kindness compassion and dignity,CAR-KD-04,"Staff prioritise and anticipate people's comfort and wellbeing needs, using appropriate tools and communication to avoid preventable discomfort, concern or distress."
Dual-Registered Care Home,Caring,Person-centred care,CAR-PC-01,"People are at the centre of how their care, support and treatment is delivered. Care is tailored to the individual and is not task-focused."
Dual-Registered Care Home,Caring,Person-centred care,CAR-PC-01,"People are at the centre of how their care, support and treatment is delivered. Care is tailored to the individual and is not task-focused."
Dual-Registered Care Home,Caring,Person-centred care,CAR-PC-02,"Staff treat people as individuals, considering any relevant protected equality characteristics and ensuring their personal, cultural, social, spiritual and religious needs are understood and met."
Dual-Registered Care Home,Caring,Person-centred care,CAR-PC-02,"Staff treat people as individuals, considering any relevant protected equality characteristics and ensuring their personal, cultural, social, spiritual and religious needs are understood and met."
Dual-Registered Care Home,Caring,Person-centred care,CAR-PC-03,"People receive the most appropriate and personalised care as the service makes reasonable adjustments where necessary, including for communication, accessibility and cultural preferences."
Dual-Registered Care Home,Caring,Person-centred care,CAR-PC-03,"People receive the most appropriate and personalised care as the service makes reasonable adjustments where necessary, including for communication, accessibility and cultural preferences."
Dual-Registered Care Home,Caring,Independence choice and control,CAR-IC-01,"If people wish to, they are encouraged and enabled to access meaningful activities, hobbies and interests in a personalised way. People are offered meaningful and genuine choices."
Dual-Registered Care Home,Caring,Independence choice and control,CAR-IC-01,"If people wish to, they are encouraged and enabled to access meaningful activities, hobbies and interests in a personalised way. People are offered meaningful and genuine choices."
Dual-Registered Care Home,Caring,Independence choice and control,CAR-IC-02,"People are supported to establish and maintain relationships and networks that are important to them, with access to family, friends, cultural connections, and advocacy support while using the service. When applicable, visiting restrictions are limited to exceptional circumstances in accordance with guidance and legislation."
Dual-Registered Care Home,Caring,Independence choice and control,CAR-IC-02,"People are supported to establish and maintain relationships and networks that are important to them, with access to family, friends, cultural connections, and advocacy support while using the service. When applicable, visiting restrictions are limited to exceptional circumstances in accordance with guidance and legislation."
Dual-Registered Care Home,Caring,Independence choice and control,CAR-IC-03,"People are supported to make decisions about end of life preferences and advance decisions if they wish to. People who may be approaching the end of their life are identified to ensure their needs are met, in line with their preferences and choices, and the right support is provided."
Dual-Registered Care Home,Caring,Independence choice and control,CAR-IC-03,"People are supported to make decisions about end of life preferences and advance decisions if they wish to. People who may be approaching the end of their life are identified to ensure their needs are met, in line with their preferences and choices, and the right support is provided."
Dual-Registered Care Home,Caring,Independence choice and control,CAR-IC-04,"There is a compassionate and supportive approach towards those close to the person, or staff, before and after a person dies."
Dual-Registered Care Home,Caring,Independence choice and control,CAR-IC-04,"There is a compassionate and supportive approach towards those close to the person, or staff, before and after a person dies."
Dual-Registered Care Home,Caring,Independence choice and control,CAR-IC-05,"People are supported to plan for important life changes, including those relating to potential medical and psychological needs. They can have enough time and accessible information to make informed decisions about their future."
Dual-Registered Care Home,Caring,Independence choice and control,CAR-IC-05,"People are supported to plan for important life changes, including those relating to potential medical and psychological needs. They can have enough time and accessible information to make informed decisions about their future."
Dual-Registered Care Home,Caring,Independence choice and control,CAR-IC-06,"People's right to a personal life is appropriately considered and respected, including supporting them to have close and intimate relationships where they choose."
Dual-Registered Care Home,Caring,Independence choice and control,CAR-IC-06,"People's right to a personal life is appropriately considered and respected, including supporting them to have close and intimate relationships where they choose."
Dual-Registered Care Home,Caring,Independence choice and control,CAR-IC-07,Equipment and technology are used to support and maximise people's independence; people are helped to make choices about adaptive equipment appropriate to their needs.
Dual-Registered Care Home,Caring,Independence choice and control,CAR-IC-07,Equipment and technology are used to support and maximise people's independence; people are helped to make choices about adaptive equipment appropriate to their needs.
Dual-Registered Care Home,Responsive,Care provision integration and continuity,RES-CC-01,The service understands the diverse needs of the people who use it and tailors their support accordingly. This includes recognising and responding to the needs of people with protected equality characteristics and those most at risk of experiencing poorer care or facing barriers to accessing care.
Dual-Registered Care Home,Responsive,Care provision integration and continuity,RES-CC-01,The service understands the diverse needs of the people who use it and tailors their support accordingly. This includes recognising and responding to the needs of people with protected equality characteristics and those most at risk of experiencing poorer care or facing barriers to accessing care.
Dual-Registered Care Home,Responsive,Care provision integration and continuity,RES-CC-02,"The service works collaboratively and flexibly with others. People experience continuity of care, support and treatment; this includes working with commissioners to manage continuity of care."
Dual-Registered Care Home,Responsive,Care provision integration and continuity,RES-CC-02,"The service works collaboratively and flexibly with others. People experience continuity of care, support and treatment; this includes working with commissioners to manage continuity of care."
Dual-Registered Care Home,Responsive,Care provision integration and continuity,RES-CC-03,"Where support is provided by more than one service, or by unpaid carers, staff work in a planned, coordinated and flexible way to make sure care is joined up and meets people's needs."
Dual-Registered Care Home,Responsive,Care provision integration and continuity,RES-CC-03,"Where support is provided by more than one service, or by unpaid carers, staff work in a planned, coordinated and flexible way to make sure care is joined up and meets people's needs."
Dual-Registered Care Home,Responsive,Care provision integration and continuity,RES-CC-04,"Residents and families are given clear information about which regulated activity (residential or nursing) currently applies to their care, and what would change if this changes."
Dual-Registered Care Home,Responsive,Listening to and responding to feedback,RES-LF-01,"People and those close to them understand how to give feedback, make suggestions or complain about care, support and treatment. They can do this in a way that meets their needs."
Dual-Registered Care Home,Responsive,Listening to and responding to feedback,RES-LF-01,"People and those close to them understand how to give feedback, make suggestions or complain about care, support and treatment. They can do this in a way that meets their needs."
Dual-Registered Care Home,Responsive,Listening to and responding to feedback,RES-LF-02,"The staff and service welcome feedback, concerns or complaints as an opportunity to improve the service and the quality of care people receive. Learning from feedback, concerns or complaints is incorporated into practice."
Dual-Registered Care Home,Responsive,Listening to and responding to feedback,RES-LF-02,"The staff and service welcome feedback, concerns or complaints as an opportunity to improve the service and the quality of care people receive. Learning from feedback, concerns or complaints is incorporated into practice."
Dual-Registered Care Home,Responsive,Listening to and responding to feedback,RES-LF-03,"The service keeps people informed about how their feedback has been addressed and any action taken including a full explanation when it has not been acted on. It does this in line with established processes, and people are given information on how to escalate their complaints to the relevant Ombudsman at the end of its complaint process."
Dual-Registered Care Home,Responsive,Listening to and responding to feedback,RES-LF-03,"The service keeps people informed about how their feedback has been addressed and any action taken including a full explanation when it has not been acted on. It does this in line with established processes, and people are given information on how to escalate their complaints to the relevant Ombudsman at the end of its complaint process."
Dual-Registered Care Home,Responsive,Listening to and responding to feedback,RES-LF-04,"At the end of the complaints process, people are given information on how to escalate their complaint to the relevant Ombudsman."
Dual-Registered Care Home,Responsive,Listening to and responding to feedback,RES-LF-04,"At the end of the complaints process, people are given information on how to escalate their complaint to the relevant Ombudsman."
Dual-Registered Care Home,Responsive,Listening to and responding to feedback,RES-LF-05,"The service supports people to give their feedback or make a complaint, including supporting access to independent advocacy."
Dual-Registered Care Home,Responsive,Listening to and responding to feedback,RES-LF-05,"The service supports people to give their feedback or make a complaint, including supporting access to independent advocacy."
Dual-Registered Care Home,Responsive,Timely and equitable access,RES-TA-01,"People can access care, support and treatment, including physically, when they need it and in a way that works for them, which promotes equality, removes barriers or delays and protects their rights."
Dual-Registered Care Home,Responsive,Timely and equitable access,RES-TA-01,"People can access care, support and treatment, including physically, when they need it and in a way that works for them, which promotes equality, removes barriers or delays and protects their rights."
Dual-Registered Care Home,Responsive,Timely and equitable access,RES-TA-02,Reasonable adjustments are understood and made to ensure equal access to the service for all. This removes barriers for people who find it hard to access services.
Dual-Registered Care Home,Responsive,Timely and equitable access,RES-TA-02,Reasonable adjustments are understood and made to ensure equal access to the service for all. This removes barriers for people who find it hard to access services.
Dual-Registered Care Home,Responsive,Timely and equitable access,RES-TA-03,"The service is designed to be accessible and available for people at the point of need, including those most likely to have difficulty accessing care. When there are barriers that prevent equitable access, they are removed."
Dual-Registered Care Home,Responsive,Timely and equitable access,RES-TA-03,"The service is designed to be accessible and available for people at the point of need, including those most likely to have difficulty accessing care. When there are barriers that prevent equitable access, they are removed."
Dual-Registered Care Home,Responsive,Equity in experiences,RES-EE-01,"Leaders and staff work collaboratively to achieve equity. They do this by recognising barriers, collecting and acting on evidence, including people's experiences, and allocating resources to reduce barriers and improve this."
Dual-Registered Care Home,Responsive,Equity in experiences,RES-EE-01,"Leaders and staff work collaboratively to achieve equity. They do this by recognising barriers, collecting and acting on evidence, including people's experiences, and allocating resources to reduce barriers and improve this."
Dual-Registered Care Home,Responsive,Equity in experiences,RES-EE-02,Interpreting and translation are provided or accessed for people who don't speak English as a first language and for people who use British Sign Language.
Dual-Registered Care Home,Responsive,Equity in experiences,RES-EE-02,Interpreting and translation are provided or accessed for people who don't speak English as a first language and for people who use British Sign Language.
Dual-Registered Care Home,Responsive,Equity in experiences,RES-EE-03,Staff are supported to develop the skills they need to remove barriers to effective communication with the people they support.
Dual-Registered Care Home,Responsive,Equity in experiences,RES-EE-03,Staff are supported to develop the skills they need to remove barriers to effective communication with the people they support.
Dual-Registered Care Home,Well-led,Strategic direction,WEL-SD-01,"The values of the service are clear, understood and supported by staff. They are demonstrated through the behaviour of leaders and in practices within the service. They include key principles such as openness, involvement, respect, human rights, inclusion, diversity and equality."
Dual-Registered Care Home,Well-led,Strategic direction,WEL-SD-01,"The values of the service are clear, understood and supported by staff. They are demonstrated through the behaviour of leaders and in practices within the service. They include key principles such as openness, involvement, respect, human rights, inclusion, diversity and equality."
Dual-Registered Care Home,Well-led,Strategic direction,WEL-SD-02,"Leaders learn from staff who work directly with people, to build trust and mutual understanding. Feedback is valued and used to track progress, shape priorities and drive improvements."
Dual-Registered Care Home,Well-led,Strategic direction,WEL-SD-02,"Leaders learn from staff who work directly with people, to build trust and mutual understanding. Feedback is valued and used to track progress, shape priorities and drive improvements."
Dual-Registered Care Home,Well-led,Strategic direction,WEL-SD-03,The strategy supports the stability and operational sustainability of the service.
Dual-Registered Care Home,Well-led,Strategic direction,WEL-SD-03,The strategy supports the stability and operational sustainability of the service.
Dual-Registered Care Home,Well-led,Strategic direction,WEL-SD-04,"The vision, values and strategy have been developed through structured planning and co-production with people who use the service, staff and partners."
Dual-Registered Care Home,Well-led,Strategic direction,WEL-SD-04,"The vision, values and strategy have been developed through structured planning and co-production with people who use the service, staff and partners."
Dual-Registered Care Home,Well-led,Workforce equity and culture,WEL-WE-01,"The service is committed to workforce equality, understands equity and proactively works to promote equality, diversity and inclusion. Wellbeing, inclusion, trust and open communication are embedded in the culture of the service."
Dual-Registered Care Home,Well-led,Workforce equity and culture,WEL-WE-01,"The service is committed to workforce equality, understands equity and proactively works to promote equality, diversity and inclusion. Wellbeing, inclusion, trust and open communication are embedded in the culture of the service."
Dual-Registered Care Home,Well-led,Workforce equity and culture,WEL-WE-02,"Staff and volunteers are actively encouraged to give feedback, raise concerns, and contribute to improvements through formal speaking up processes. They are confident that they will be treated with compassion and understanding, and will not be blamed, or treated negatively if they do so - including in relation to issues of racism and discrimination."
Dual-Registered Care Home,Well-led,Workforce equity and culture,WEL-WE-02,"Staff and volunteers are actively encouraged to give feedback, raise concerns, and contribute to improvements through formal speaking up processes. They are confident that they will be treated with compassion and understanding, and will not be blamed, or treated negatively if they do so - including in relation to issues of racism and discrimination."
Dual-Registered Care Home,Well-led,Workforce equity and culture,WEL-WE-03,"Staff wellbeing is promoted by providing personalised support, such as making reasonable adjustments, enabling flexible working, ensuring adequate rest, and providing a positive work environment. There is support if people are struggling at work."
Dual-Registered Care Home,Well-led,Workforce equity and culture,WEL-WE-03,"Staff wellbeing is promoted by providing personalised support, such as making reasonable adjustments, enabling flexible working, ensuring adequate rest, and providing a positive work environment. There is support if people are struggling at work."
Dual-Registered Care Home,Well-led,Workforce equity and culture,WEL-WE-04,"The service identifies workforce inequalities against equality, diversity and inclusion objectives; interventions to address these are monitored to evaluate their impact."
Dual-Registered Care Home,Well-led,Workforce equity and culture,WEL-WE-04,"The service identifies workforce inequalities against equality, diversity and inclusion objectives; interventions to address these are monitored to evaluate their impact."
Dual-Registered Care Home,Well-led,Workforce equity and culture,WEL-WE-05,"The service supports staff who face discrimination and takes action against those who discriminate, supported by clear policies and processes."
Dual-Registered Care Home,Well-led,Workforce equity and culture,WEL-WE-05,"The service supports staff who face discrimination and takes action against those who discriminate, supported by clear policies and processes."
Dual-Registered Care Home,Well-led,Capable and compassionate leaders,WEL-CL-01,"Where required, there is a registered manager in post. They understand their responsibilities and are supported by the board, trustees or directors and other managers to deliver good, effective, high-quality care."
Dual-Registered Care Home,Well-led,Capable and compassionate leaders,WEL-CL-01,"Where required, there is a registered manager in post. They understand their responsibilities and are supported by the board, trustees or directors and other managers to deliver good, effective, high-quality care."
Dual-Registered Care Home,Well-led,Capable and compassionate leaders,WEL-CL-02,"High-quality leadership is sustained through safe, effective, and inclusive recruitment and succession planning."
Dual-Registered Care Home,Well-led,Capable and compassionate leaders,WEL-CL-02,"High-quality leadership is sustained through safe, effective, and inclusive recruitment and succession planning."
Dual-Registered Care Home,Well-led,Capable and compassionate leaders,WEL-CL-03,Leaders are knowledgeable about issues and priorities that affect the quality of the service and have access to appropriate development in their role. They seek support or independent scrutiny where required.
Dual-Registered Care Home,Well-led,Capable and compassionate leaders,WEL-CL-03,Leaders are knowledgeable about issues and priorities that affect the quality of the service and have access to appropriate development in their role. They seek support or independent scrutiny where required.
Dual-Registered Care Home,Well-led,Capable and compassionate leaders,WEL-CL-04,"The registered manager arrangement (a single manager covering both regulated activities, or separate managers per activity) is clearly defined, and competency is evidenced for whichever activities they are responsible for."
Dual-Registered Care Home,Well-led,Governance and management,WEL-GM-01,The service has an accurate statement of purpose that clearly reflects current service provision.
Dual-Registered Care Home,Well-led,Governance and management,WEL-GM-01,The service has an accurate statement of purpose that clearly reflects current service provision.
Dual-Registered Care Home,Well-led,Governance and management,WEL-GM-02,"There are effective systems for monitoring and managing service performance, risk and learning from incidents that support innovation while maintaining the quality of care at the service."
Dual-Registered Care Home,Well-led,Governance and management,WEL-GM-02,"There are effective systems for monitoring and managing service performance, risk and learning from incidents that support innovation while maintaining the quality of care at the service."
Dual-Registered Care Home,Well-led,Governance and management,WEL-GM-03,"There are secure and reliable arrangements for the availability, integrity and confidentiality of data, records and data management systems. Information is used effectively to monitor and improve the quality of care. Staff understand their responsibilities when collecting and sharing information."
Dual-Registered Care Home,Well-led,Governance and management,WEL-GM-03,"There are secure and reliable arrangements for the availability, integrity and confidentiality of data, records and data management systems. Information is used effectively to monitor and improve the quality of care. Staff understand their responsibilities when collecting and sharing information."
Dual-Registered Care Home,Well-led,Governance and management,WEL-GM-04,"There are thorough business continuity plans in place for emergencies or natural disasters, such as adverse weather events, and staff know how to put these into practice."
Dual-Registered Care Home,Well-led,Governance and management,WEL-GM-04,"There are thorough business continuity plans in place for emergencies or natural disasters, such as adverse weather events, and staff know how to put these into practice."
Dual-Registered Care Home,Well-led,Governance and management,WEL-GM-05,Data or notifications are consistently submitted to external partners as required.
Dual-Registered Care Home,Well-led,Governance and management,WEL-GM-05,Data or notifications are consistently submitted to external partners as required.
Dual-Registered Care Home,Well-led,Governance and management,WEL-GM-06,Statement of Purpose accurately describes both regulated activities provided at this location and how the boundary between them is managed.
Dual-Registered Care Home,Well-led,Governance and management,WEL-GM-07,Compliance declarations and any CQC notifications correctly identify which regulated activity they relate to.
Dual-Registered Care Home,Well-led,Governance and management,WEL-GM-08,"Governance and quality assurance oversight covers both regulated activities equally, with no evidence either service is monitored less rigorously than the other."
Dual-Registered Care Home,Well-led,Partnerships and communities,WEL-PC-01,The service maintains positive relationships with the local community and works well with community partners.
Dual-Registered Care Home,Well-led,Partnerships and communities,WEL-PC-01,The service maintains positive relationships with the local community and works well with community partners.
Dual-Registered Care Home,Well-led,Partnerships and communities,WEL-PC-02,"Staff and leaders work in partnership with people and other organisations, so that services work as seamlessly as possible for people."
Dual-Registered Care Home,Well-led,Partnerships and communities,WEL-PC-02,"Staff and leaders work in partnership with people and other organisations, so that services work as seamlessly as possible for people."
Dual-Registered Care Home,Well-led,Partnerships and communities,WEL-PC-03,"The service has strong external relationships and all staff including leaders engage early with people, communities, and partners to share learning with each other, which results in continuous improvements to the service."
Dual-Registered Care Home,Well-led,Partnerships and communities,WEL-PC-03,"The service has strong external relationships and all staff including leaders engage early with people, communities, and partners to share learning with each other, which results in continuous improvements to the service."
Dual-Registered Care Home,Well-led,Partnerships and communities,WEL-PC-04,"People who use the service are meaningfully involved in how it is designed, delivered and evaluated, including through co-production with residents and families."
Dual-Registered Care Home,Well-led,Partnerships and communities,WEL-PC-04,"People who use the service are meaningfully involved in how it is designed, delivered and evaluated, including through co-production with residents and families."
Dual-Registered Care Home,Well-led,Improvement innovation and learning,WEL-IL-01,"Staff and leaders understand how to drive improvement through consistent approaches that enable the right environment for improvement, measuring outcomes and impact."
Dual-Registered Care Home,Well-led,Improvement innovation and learning,WEL-IL-01,"Staff and leaders understand how to drive improvement through consistent approaches that enable the right environment for improvement, measuring outcomes and impact."
Dual-Registered Care Home,Well-led,Improvement innovation and learning,WEL-IL-02,"Leaders foster a culture of trust by encouraging staff to speak up with ideas for improvement and innovation, and by actively investing time to listen and engage."
Dual-Registered Care Home,Well-led,Improvement innovation and learning,WEL-IL-02,"Leaders foster a culture of trust by encouraging staff to speak up with ideas for improvement and innovation, and by actively investing time to listen and engage."
Dual-Registered Care Home,Well-led,Improvement innovation and learning,WEL-IL-03,"Staff and leaders engage with external work, including research, and embed evidence-based good practice in the service."
Dual-Registered Care Home,Well-led,Improvement innovation and learning,WEL-IL-03,"Staff and leaders engage with external work, including research, and embed evidence-based good practice in the service."
Dual-Registered Care Home,Well-led,Improvement innovation and learning,WEL-IL-04,Leaders encourage collective problem-solving and innovation; staff at all levels are involved in identifying and addressing problems to achieve consistency in the quality of care.
Dual-Registered Care Home,Well-led,Improvement innovation and learning,WEL-IL-04,Leaders encourage collective problem-solving and innovation; staff at all levels are involved in identifying and addressing problems to achieve consistency in the quality of care.
ARBD Specialist Care Home,Safe,Safety culture,SAF-SC-01,"All incidents are recorded, investigated and outcomes are communicated to those involved. If harm has occurred, people are given full details of what happened, why, and what has been learned."
ARBD Specialist Care Home,Safe,Safety culture,SAF-SC-02,"There is a good understanding of the duty of candour. When an incident has happened, staff are open and transparent with people and those close to them."
ARBD Specialist Care Home,Safe,Safety culture,SAF-SC-03,"There is a strong learning culture in which incidents that have caused harm, or could cause harm, are treated as opportunities to improve."
ARBD Specialist Care Home,Safe,Safety culture,SAF-SC-04,"Complaints, concerns and other feedback about safety are welcomed and prioritised as key sources used to identify and manage safety risks before safety incidents happen."
ARBD Specialist Care Home,Safe,Safety culture,SAF-SC-05,"The service looks for safety-related themes and trends. Patient safety alerts are consistently reviewed and acted on, and learning from external safety incidents is embedded in the delivery of care."
ARBD Specialist Care Home,Safe,Safety culture,SAF-SC-06,"Staff and leaders understand what constitutes a closed culture and the risks to people, including organisational abuse. There are systems and processes in place to identify concerns and prevent closed cultures from developing, and appropriate action is taken when needed."
ARBD Specialist Care Home,Safe,Managing risks during care and treatment,SAF-MR-01,"People's care plans reflect any foreseeable risks and how they should be managed. Deterioration, emergencies and clinical risks are anticipated where possible and managed to reduce the potential for harm."
ARBD Specialist Care Home,Safe,Managing risks during care and treatment,SAF-MR-02,People are respected and protected from avoidable harm because care is provided in line with recognised good practice guidance.
ARBD Specialist Care Home,Safe,Managing risks during care and treatment,SAF-MR-03,"Care, support and treatment are discussed with people so they understand the potential risks and side effects. Where appropriate, people and those close to them are actively involved in managing their own risks."
ARBD Specialist Care Home,Safe,Managing risks during care and treatment,SAF-MR-04,"The service has a process to ensure that any restrictions on people's freedom, choice and control are necessary, proportionate and safe. This particularly includes where people lack mental capacity."
ARBD Specialist Care Home,Safe,Managing risks during care and treatment,SAF-MR-05,"Restraint is only ever used as a last resort and there is a clear commitment from all staff to minimising the use of restrictive interventions in the service. If staff use restraint, it is lawful, for a legitimate purpose, safe and necessary, and staff follow good practice."
ARBD Specialist Care Home,Safe,"Safe systems, pathways and transitions",SAF-SP-01,"Plans and information for care during transitions are established and shared before people move between services. Plans consider people's individual needs, circumstances, ongoing care arrangements and expected outcomes."
ARBD Specialist Care Home,Safe,"Safe systems, pathways and transitions",SAF-SP-02,"Safety and continuity are maintained across people's care journeys through collaborative working with people, staff and partners. This includes where people are moving between or accessing multiple services."
ARBD Specialist Care Home,Safe,"Safe systems, pathways and transitions",SAF-SP-03,"Staff work together proactively with teams in other services, commissioners and people using the service to deliver co-ordinated, timely, consistent and person-centred care, support and treatment. Actions are appropriately owned and followed up."
ARBD Specialist Care Home,Safe,"Safe systems, pathways and transitions",SAF-SP-04,"When people have needs that are outside of the service's remit, staff adapt support and escalate issues to relevant agencies."
ARBD Specialist Care Home,Safe,"Safe systems, pathways and transitions",SAF-SP-05,"The service has appropriate systems and processes to manage its responsibilities in relation to delegated healthcare activities safely, in line with good practice."
ARBD Specialist Care Home,Safe,Safeguarding,SAF-SG-01,"There are effective safeguarding systems, processes and practices, managed by appropriately trained staff, which protect people from abuse, neglect, harassment and breaches of their dignity. These operate in line with legislation and guidance, are communicated effectively and are accessible to people, staff and visitors to the service."
ARBD Specialist Care Home,Safe,Safeguarding,SAF-SG-02,"Staff can identify abuse and improper treatment. They recognise early indicators of potential abuse or poor care, even when these do not meet the threshold for formal safeguarding concerns. Staff act quickly and appropriately to protect people, working closely with partners."
ARBD Specialist Care Home,Safe,Safeguarding,SAF-SG-03,"Information about people who have suffered harm or are at risk of harm is shared appropriately with other agencies, such as the local authority, in a timely way. Staff use appropriate escalation pathways when concerns are not addressed."
ARBD Specialist Care Home,Safe,Safeguarding,SAF-SG-04,"People are deprived of their liberty lawfully. Any potential deprivation of liberty is recognised promptly and appropriate authorisation is sought. Where applicable, the Deprivation of Liberty Safeguards (DoLS) are used appropriately and only when it is in the best interests of the person."
ARBD Specialist Care Home,Safe,Safeguarding,SAF-SG-05,"People are supported to understand what safeguarding means and how to raise concerns on behalf of themselves and others, and are encouraged and empowered to do so."
ARBD Specialist Care Home,Safe,Safe environments and infection prevention and control,SAF-EI-01,Fire safety procedures are effective. Concerns are escalated appropriately where the service is not directly responsible for the premises.
ARBD Specialist Care Home,Safe,Safe environments and infection prevention and control,SAF-EI-02,"Where the provider is responsible, there is a comprehensive system to proactively manage the safety and upkeep of the premises (including communal and personal spaces) and equipment, and risks are assessed and controlled. Professionally qualified and competent people complete the necessary environmental and equipment checks and maintenance."
ARBD Specialist Care Home,Safe,Safe environments and infection prevention and control,SAF-EI-03,The service manages the control and prevention of infection well. Infection prevention and control roles are clear. The risk of infection is minimised because premises and equipment are kept clean and hygienic.
ARBD Specialist Care Home,Safe,Safe environments and infection prevention and control,SAF-EI-04,"The service monitors and acts on equipment alerts, recalls and safety information."
ARBD Specialist Care Home,Safe,Safe environments and infection prevention and control,SAF-EI-05,"Facilities, equipment (including special or adaptive equipment) and technology that are the responsibility of the service are maintained, stored and used in line with good practice and guidance."
ARBD Specialist Care Home,Safe,Safe staffing,SAF-SS-01,"There are appropriate staffing levels and skill mix to meet people's needs. Individual needs are taken into consideration so that when people receive one-to-one support, the skills and experience of staff are matched to the person's needs."
ARBD Specialist Care Home,Safe,Safe staffing,SAF-SS-02,"Thorough and safe recruitment practices ensure staff, including agency staff and volunteers, are suitably experienced, qualified and competent to carry out their roles."
ARBD Specialist Care Home,Safe,Safe staffing,SAF-SS-03,"Actions are taken to protect staff from fatigue, and leaders understand its impact on the safety of those who use services."
ARBD Specialist Care Home,Safe,Safe staffing,SAF-SS-04,"There are induction, supervision and appraisal processes to support staff to develop and improve services (including professional revalidation where needed)."
ARBD Specialist Care Home,Safe,Safe medicines and treatments,SAF-MT-01,"There is a clear approach to the safe use of medicines, and roles and responsibilities are understood."
ARBD Specialist Care Home,Safe,Safe medicines and treatments,SAF-MT-02,"Controlled drugs are stored, recorded, administered and disposed of in line with legislation and guidance."
ARBD Specialist Care Home,Safe,Safe medicines and treatments,SAF-MT-03,"Where the service is responsible, medicines are ordered, administered, recorded, stored and disposed of safely in line with legislation and guidance."
ARBD Specialist Care Home,Safe,Safe medicines and treatments,SAF-MT-04,"The administration of PRN medicines (medicines taken when required) is guided by clear protocols, and there are timely reviews."
ARBD Specialist Care Home,Safe,Safe medicines and treatments,SAF-MT-05,"People and their representatives are involved in assessments, reviews and decisions, including the level of support needed and self-medication. This is clearly documented in care records."
ARBD Specialist Care Home,Safe,Safe medicines and treatments,SAF-MT-06,"The service actively considers opportunities to reduce the over-medication of people, in line with STOMP/STAMP principles where applicable."
ARBD Specialist Care Home,Effective,Assessing needs,EFF-AN-01,"People's needs are comprehensively assessed, and reflect their wishes and physical, mental, emotional, sensory, social and communication needs, including those related to protected equality characteristics."
ARBD Specialist Care Home,Effective,Assessing needs,EFF-AN-02,"Assessments are regularly reviewed and updated to make sure staff have current information, so that care, support and treatment is meeting people's needs and individual outcomes as expected."
ARBD Specialist Care Home,Effective,Assessing needs,EFF-AN-03,"People's communication needs are assessed and met to maximise the effectiveness of care, support and treatment."
ARBD Specialist Care Home,Effective,Assessing needs,EFF-AN-04,"People are involved as much as possible in their needs assessment and their needs are fully identified and understood. Where people need support to be involved, this is provided."
ARBD Specialist Care Home,Effective,Evidence-based care and equitable outcomes,EFF-EB-01,"People's nutritional and hydration needs are met in line with current standards and good practice guidance. Where applicable, there is positive feedback from dietetic professionals that the service asks for their advice and applies it properly."
ARBD Specialist Care Home,Effective,Evidence-based care and equitable outcomes,EFF-EB-02,"People are supported to plan and manage their dietary needs and associated risks, including risks of poor nutrition, dehydration, swallowing problems and other medical conditions that affect their health."
ARBD Specialist Care Home,Effective,Evidence-based care and equitable outcomes,EFF-EB-03,"There is a rigorous approach to monitoring the effectiveness of people's care, support and treatment and the service takes action to continuously improve it."
ARBD Specialist Care Home,Effective,Evidence-based care and equitable outcomes,EFF-EB-04,"Staff monitor and evaluate outcomes related to people's health and quality of life, including those linked to their aspirations and skill development, and act to improve them when possible."
ARBD Specialist Care Home,Effective,Evidence-based care and equitable outcomes,EFF-EB-05,"Staff are aware of individual preferences in relation to eating and drinking and there is flexibility when needed or requested. There are good quality food choices and these respect individual wishes, including those relating to sensory, cultural, religious and ethical preferences."
ARBD Specialist Care Home,Effective,Supporting people to live healthier lives,EFF-HL-01,"The service works with people who use services and professionals to plan and enable access to health and social care support to achieve good health and wellbeing outcomes. This includes facilitating reasonable adjustments, supporting people to access health checks or to complete healthcare passports."
ARBD Specialist Care Home,Effective,Supporting people to live healthier lives,EFF-HL-02,"Risks to people's health and wellbeing are identified and support to prevent deterioration is prioritised. This includes understanding specific risks for a person due to their needs and specific health conditions, keeping well in hot and cold weather and supporting people to remain as active and mobile as possible."
ARBD Specialist Care Home,Effective,Supporting people to live healthier lives,EFF-HL-03,"People are encouraged and supported to make healthier choices relating to diet, lifestyle, physical activity, personal and oral hygiene."
ARBD Specialist Care Home,Effective,Consent to care and treatment,EFF-CT-01,"Staff know the importance of consent and relevant legal requirements. They make sure people understand what they are consenting to before they deliver care, support or treatment. People are given the appropriate information, support and time they need to make an informed decision."
ARBD Specialist Care Home,Effective,Consent to care and treatment,EFF-CT-02,"There is a clear understanding of the requirements of the Mental Capacity Act 2005 and guidance relating to capacity and consent, and staff demonstrate how they put these into practice effectively. People are supported to understand information, communicate and make decisions about their life, care, support and treatment in line with the Mental Capacity Act 2005, involving their representatives and advocates when needed."
ARBD Specialist Care Home,Effective,Consent to care and treatment,EFF-CT-03,"People are supported to access independent advocacy, including statutory or non-statutory when available, and advocates are appropriately involved by the service."
ARBD Specialist Care Home,Effective,Consent to care and treatment,EFF-CT-04,"The service makes lawful decisions in people's best interests when required. People are involved and their feelings, beliefs and values are considered. Those close to the person and their advocates are involved and kept informed of any changes as appropriate."
ARBD Specialist Care Home,Caring,"Kindness, compassion and dignity",CAR-KD-01,"There is a culture of kindness and respect across teams. People feel cared for with kindness, compassion, dignity and respect."
ARBD Specialist Care Home,Caring,"Kindness, compassion and dignity",CAR-KD-02,"People's privacy, confidentiality, and respect are consistently upheld. Staff are discreet and challenge behaviour and practices that fall short of this. Staff have a clear understanding of the boundaries of confidentiality and work within these."
ARBD Specialist Care Home,Caring,"Kindness, compassion and dignity",CAR-KD-03,"Staff genuinely care about people's wellbeing and show it in a thoughtful, meaningful way. They promptly respond to people's emotions, discomfort, distress, or urgent needs in a positive way."
ARBD Specialist Care Home,Caring,Person-centred care,CAR-PC-01,"People are at the centre of how their care, support and treatment is delivered. Care is tailored to the individual and is not task-focused."
ARBD Specialist Care Home,Caring,Person-centred care,CAR-PC-02,"Staff treat people as individuals, considering any relevant protected equality characteristics and ensuring their personal, cultural, social, spiritual and religious needs are understood and met."
ARBD Specialist Care Home,Caring,"Independence, choice and control",CAR-IC-01,"If people wish to, they are encouraged and enabled to access meaningful activities, hobbies and interests in a personalised way. People are offered meaningful and genuine choices."
ARBD Specialist Care Home,Caring,"Independence, choice and control",CAR-IC-02,"People are supported to establish and maintain relationships and networks that are important to them, with access to family, friends, cultural connections, and advocacy support while using the service. When applicable, visiting restrictions are limited to exceptional circumstances in accordance with guidance and legislation."
ARBD Specialist Care Home,Caring,"Independence, choice and control",CAR-IC-03,"People are supported to make decisions about end of life preferences and advance decisions if they wish to. People who may be approaching the end of their life are identified to ensure their needs are met, in line with their preferences and choices, and the right support is provided."
ARBD Specialist Care Home,Caring,"Independence, choice and control",CAR-IC-04,"There is a compassionate and supportive approach towards those close to the person, or staff, before and after a person dies."
ARBD Specialist Care Home,Caring,"Independence, choice and control",CAR-IC-05,"People are supported to plan for important life changes, including those relating to potential medical and psychological needs. They can have enough time and accessible information to make informed decisions about their future."
ARBD Specialist Care Home,Caring,"Independence, choice and control",CAR-IC-06,"People have choice and control over their own care and are empowered to make decisions about their care, support, treatment and wellbeing."
ARBD Specialist Care Home,Responsive,"Care provision, integration and continuity",RES-CC-01,The service understands the diverse needs of the people who use it and tailors their support accordingly. This includes recognising and responding to the needs of people with protected equality characteristics and those most at risk of experiencing poorer care or facing barriers to accessing care.
ARBD Specialist Care Home,Responsive,"Care provision, integration and continuity",RES-CC-02,"The service works collaboratively and flexibly with others. People experience continuity of care, support and treatment; this includes working with commissioners to manage continuity of care."
ARBD Specialist Care Home,Responsive,"Care provision, integration and continuity",RES-CC-03,"Where support is provided by more than one service, or by unpaid carers, staff work in a planned, coordinated and flexible way to make sure care is joined up and meets people's needs."
ARBD Specialist Care Home,Responsive,"Care provision, integration and continuity",RES-CC-04,Staff can identify and take appropriate action when there is a gap in care provision. This includes identifying and taking appropriate action where people are eligible to receive more care or support.
ARBD Specialist Care Home,Responsive,Listening to and responding to feedback,RES-LF-01,"People and those close to them understand how to give feedback, make suggestions or complain about care, support and treatment. They can do this in a way that meets their needs."
ARBD Specialist Care Home,Responsive,Listening to and responding to feedback,RES-LF-02,"The staff and service welcome feedback, concerns or complaints as an opportunity to improve the service and the quality of care people receive. Learning from feedback, concerns or complaints is incorporated into practice."
ARBD Specialist Care Home,Responsive,Listening to and responding to feedback,RES-LF-03,"The service keeps people informed about how their feedback has been addressed and any action taken including a full explanation when it has not been acted on. It does this in line with established processes, and people are given information on how to escalate their complaints to the relevant Ombudsman at the end of its complaint process."
ARBD Specialist Care Home,Responsive,Listening to and responding to feedback,RES-LF-04,"People feel confident that their views or concerns will be taken seriously and they will be treated compassionately, without negative repercussions."
ARBD Specialist Care Home,Responsive,Timely and equitable access,RES-TA-01,"People can access care, support and treatment, including physically, when they need it and in a way that works for them, which promotes equality, removes barriers or delays and protects their rights."
ARBD Specialist Care Home,Responsive,Timely and equitable access,RES-TA-02,Reasonable adjustments are understood and made to ensure equal access to the service for all. This removes barriers for people who find it hard to access services.
ARBD Specialist Care Home,Responsive,Timely and equitable access,RES-TA-03,"The service is designed to be accessible and available for people at the point of need, including those most likely to have difficulty accessing care. When there are barriers that prevent equitable access, they are removed."
ARBD Specialist Care Home,Responsive,Equity in experiences,RES-EE-01,"Leaders and staff work collaboratively to achieve equity. They do this by recognising barriers, collecting and acting on evidence, including people's experiences, and allocating resources to reduce barriers and improve this."
ARBD Specialist Care Home,Responsive,Equity in experiences,RES-EE-02,Interpreting and translation are provided or accessed for people who don't speak English as a first language and for people who use British Sign Language.
ARBD Specialist Care Home,Responsive,Equity in experiences,RES-EE-03,Staff are supported to develop the skills they need to remove barriers to effective communication with the people they support.
ARBD Specialist Care Home,Well-Led,Strategic direction,WEL-SD-01,"The values of the service are clear, understood and supported by staff. They are demonstrated through the behaviour of leaders and in practices within the service. They include key principles such as openness, involvement, respect, human rights, inclusion, diversity and equality."
ARBD Specialist Care Home,Well-Led,Strategic direction,WEL-SD-02,"Leaders learn from staff who work directly with people, to build trust and mutual understanding. Feedback is valued and used to track progress, shape priorities and drive improvements."
ARBD Specialist Care Home,Well-Led,Strategic direction,WEL-SD-03,The strategy supports the stability and operational sustainability of the service.
ARBD Specialist Care Home,Well-Led,Workforce equity and culture,WEL-WE-01,"The service is committed to workforce equality, understands equity and proactively works to promote equality, diversity and inclusion. Wellbeing, inclusion, trust and open communication are embedded in the culture of the service."
ARBD Specialist Care Home,Well-Led,Workforce equity and culture,WEL-WE-02,"Staff and volunteers are actively encouraged to give feedback, raise concerns, and contribute to improvements through formal speaking up processes. They are confident that they will be treated with compassion and understanding, and will not be blamed, or treated negatively if they do so - including in relation to issues of racism and discrimination."
ARBD Specialist Care Home,Well-Led,Workforce equity and culture,WEL-WE-03,"Staff wellbeing is promoted by providing personalised support, such as making reasonable adjustments, enabling flexible working, ensuring adequate rest, and providing a positive work environment. There is support if people are struggling at work."
ARBD Specialist Care Home,Well-Led,Capable and compassionate leaders,WEL-CL-01,"Where required, there is a registered manager in post. They understand their responsibilities and are supported by the board, trustees or directors and other managers to deliver good, effective, high-quality care."
ARBD Specialist Care Home,Well-Led,Capable and compassionate leaders,WEL-CL-02,"High-quality leadership is sustained through safe, effective, and inclusive recruitment and succession planning."
ARBD Specialist Care Home,Well-Led,Capable and compassionate leaders,WEL-CL-03,Leaders are knowledgeable about issues and priorities that affect the quality of the service and have access to appropriate development in their role. They seek support or independent scrutiny where required.
ARBD Specialist Care Home,Well-Led,Capable and compassionate leaders,WEL-CL-04,"When something goes wrong, people receive a sincere and timely apology and are told about any actions being taken to prevent the same thing happening again."
ARBD Specialist Care Home,Well-Led,Governance and management,WEL-GM-01,The service has an accurate statement of purpose that clearly reflects current service provision.
ARBD Specialist Care Home,Well-Led,Governance and management,WEL-GM-02,"There are effective systems for monitoring and managing service performance, risk and learning from incidents that support innovation while maintaining the quality of care at the service."
ARBD Specialist Care Home,Well-Led,Governance and management,WEL-GM-03,"There are secure and reliable arrangements for the availability, integrity and confidentiality of data, records and data management systems. Information is used effectively to monitor and improve the quality of care. Staff understand their responsibilities when collecting and sharing information."
ARBD Specialist Care Home,Well-Led,Governance and management,WEL-GM-04,"There are thorough business continuity plans in place for emergencies or natural disasters, such as adverse weather events, and staff know how to put these into practice."
ARBD Specialist Care Home,Well-Led,Governance and management,WEL-GM-05,Data or notifications are consistently submitted to external partners as required.
ARBD Specialist Care Home,Well-Led,Governance and management,WEL-GM-06,"There are clear and effective governance, management and accountability arrangements. Staff understand their roles and responsibilities. Managers can account for the actions, behaviours and performance of staff."
ARBD Specialist Care Home,Well-Led,Partnerships and communities,WEL-PC-01,The service maintains positive relationships with the local community and works well with community partners.
ARBD Specialist Care Home,Well-Led,Partnerships and communities,WEL-PC-02,"Staff and leaders work in partnership with people and other organisations, so that services work as seamlessly as possible for people."
ARBD Specialist Care Home,Well-Led,Partnerships and communities,WEL-PC-03,"The service has strong external relationships and all staff including leaders engage early with people, communities, and partners to share learning with each other, which results in continuous improvements to the service."
ARBD Specialist Care Home,Well-Led,"Improvement, innovation and learning",WEL-IL-01,"Staff and leaders understand how to drive improvement through consistent approaches that enable the right environment for improvement, measuring outcomes and impact."
ARBD Specialist Care Home,Well-Led,"Improvement, innovation and learning",WEL-IL-02,"Leaders foster a culture of trust by encouraging staff to speak up with ideas for improvement and innovation, and by actively investing time to listen and engage."
ARBD Specialist Care Home,Well-Led,"Improvement, innovation and learning",WEL-IL-03,"Staff and leaders engage with external work, including research, and embed evidence-based good practice in the service."
Homecare Agency,Safe,Safety culture,SAF-SC-01,"When an incident has happened, staff are open and transparent with people and those close to them. All incidents are recorded, investigated and outcomes are communicated to those involved. If harm has occurred, people are given full details of what happened, why, and what has been learned."
Homecare Agency,Safe,Safety culture,SAF-SC-02,There is a good understanding of the duty of candour.
Homecare Agency,Safe,Safety culture,SAF-SC-03,"There is a strong learning culture in which incidents that have caused harm, or could cause harm, are treated as opportunities to improve."
Homecare Agency,Safe,Safety culture,SAF-SC-04,"Complaints, concerns and other feedback about safety are welcomed and prioritised as key sources used to identify and manage safety risks before safety incidents happen."
Homecare Agency,Safe,Safety culture,SAF-SC-05,"The service looks for safety-related themes and trends. Patient safety alerts are consistently reviewed and acted on, and learning from external safety incidents is embedded in the delivery of care."
Homecare Agency,Safe,Safety culture,SAF-SC-06,"Staff and leaders understand what constitutes a closed culture and the risks to people, including organisational abuse. There are systems and processes in place to identify concerns and prevent closed cultures from developing, and appropriate action is taken when needed."
Homecare Agency,Safe,Managing risks during care and treatment,SAF-MR-01,"People's care plans reflect any foreseeable risks and how they should be managed. Deterioration, emergencies and clinical risks are anticipated where possible and managed to reduce the potential for harm."
Homecare Agency,Safe,Managing risks during care and treatment,SAF-MR-02,People are respected and protected from avoidable harm because care is provided in line with recognised good practice guidance.
Homecare Agency,Safe,Managing risks during care and treatment,SAF-MR-03,"Care, support and treatment are discussed with people so they understand the potential risks and side effects. Where appropriate, people and those close to them are actively involved in managing their own risks."
Homecare Agency,Safe,Managing risks during care and treatment,SAF-MR-04,"The service has a process to ensure that any restrictions on people's freedom, choice and control are necessary, proportionate and safe. This particularly includes where people lack mental capacity."
Homecare Agency,Safe,Managing risks during care and treatment,SAF-MR-05,"Restraint is only ever used as a last resort and there is a clear commitment from all staff to minimising the use of restrictive interventions in the service. If staff use restraint, it is lawful, for a legitimate purpose, safe and necessary, and staff follow good practice."
Homecare Agency,Safe,Managing risks during care and treatment,SAF-MR-06,There is a balanced and proportionate approach to risk. People's rights and choices about their care and their lives are respected. People are supported to take carefully managed risks to live fulfilling lives.
Homecare Agency,Safe,"Safe systems, pathways and transitions",SAF-ST-01,"Safety and continuity are maintained across people's care journeys through collaborative working with people, staff and partners. This includes where people are moving between or accessing multiple services."
Homecare Agency,Safe,"Safe systems, pathways and transitions",SAF-ST-02,"Staff work together proactively with teams in other services, commissioners and people using the service to deliver co-ordinated, timely, consistent and person-centred care, support and treatment. Actions are appropriately owned and followed up."
Homecare Agency,Safe,"Safe systems, pathways and transitions",SAF-ST-03,"Plans and information for care during transitions are established and shared before people move between services. Plans consider people's individual needs, circumstances, ongoing care arrangements and expected outcomes. People experience a smooth process and there is continuity of care."
Homecare Agency,Safe,"Safe systems, pathways and transitions",SAF-ST-04,"When people have needs that are outside of the service's remit, staff adapt support and escalate issues to relevant agencies."
Homecare Agency,Safe,"Safe systems, pathways and transitions",SAF-ST-05,"The service has appropriate systems and processes to manage its responsibilities in relation to delegated healthcare activities safely, in line with good practice."
Homecare Agency,Safe,Safeguarding,SAF-SG-01,"There are effective safeguarding systems, processes and practices, managed by appropriately trained staff, which protect people from abuse, neglect, harassment and breaches of their dignity. These operate in line with legislation and guidance, are communicated effectively and are accessible to people, staff and visitors to the service."
Homecare Agency,Safe,Safeguarding,SAF-SG-02,"Staff can identify abuse and improper treatment. They recognise early indicators of potential abuse or poor care, even when these do not meet the threshold for formal safeguarding concerns. Staff act quickly and appropriately to protect people, working closely with partners."
Homecare Agency,Safe,Safeguarding,SAF-SG-03,"Information about people who have suffered harm or are at risk of harm is shared appropriately with other agencies, such as the local authority, in a timely way. Staff use appropriate escalation pathways when concerns are not addressed."
Homecare Agency,Safe,Safeguarding,SAF-SG-04,"People are supported to understand what safeguarding means and how to raise concerns on behalf of themselves and others, and are encouraged and empowered to do so."
Homecare Agency,Safe,Safeguarding,SAF-SG-05,"People are empowered to develop and maintain safe intimate relationships, where they choose to, in accordance with their rights."
Homecare Agency,Safe,Safe environments and infection prevention and control,SAF-EI-01,Fire safety procedures are effective. Concerns are escalated appropriately where the service is not directly responsible for the premises.
Homecare Agency,Safe,Safe environments and infection prevention and control,SAF-EI-02,"Where the provider is responsible, there is a comprehensive system to proactively manage the safety and upkeep of the premises (including communal and personal spaces) and equipment, and risks are assessed and controlled. Professionally qualified and competent people complete the necessary environmental and equipment checks and maintenance."
Homecare Agency,Safe,Safe environments and infection prevention and control,SAF-EI-03,The service manages the control and prevention of infection well. Infection prevention and control roles are clear. The risk of infection is minimised because premises and equipment are kept clean and hygienic.
Homecare Agency,Safe,Safe environments and infection prevention and control,SAF-EI-04,"The service monitors and acts on equipment alerts, recalls and safety information."
Homecare Agency,Safe,Safe environments and infection prevention and control,SAF-EI-05,"Facilities, equipment (including special or adaptive equipment) and technology that are the responsibility of the service are maintained, stored and used in line with good practice and guidance."
Homecare Agency,Safe,Safe staffing,SAF-SS-01,"There are appropriate staffing levels and skill mix to meet people's needs. Individual needs are taken into consideration so that when people receive one-to-one support, the skills and experience of staff are matched to the person's needs."
Homecare Agency,Safe,Safe staffing,SAF-SS-02,"Thorough and safe recruitment practices ensure staff, including agency staff and volunteers, are suitably experienced, qualified and competent to carry out their roles."
Homecare Agency,Safe,Safe staffing,SAF-SS-03,"Actions are taken to protect staff from fatigue, and leaders understand its impact on the safety of those who use services."
Homecare Agency,Safe,Safe staffing,SAF-SS-04,"There are induction, supervision and appraisal processes to support staff to develop and improve services (including professional revalidation where needed)."
Homecare Agency,Safe,Safe staffing,SAF-SS-05,"The service has systems for investigating any allegations against people in positions of trust that it employs, and actions are taken to address any risk to people."
Homecare Agency,Safe,Safe medicines and treatments,SAF-MT-01,"There is a clear approach to the safe use of medicines, and roles and responsibilities are understood."
Homecare Agency,Safe,Safe medicines and treatments,SAF-MT-02,"Controlled drugs are stored, recorded, administered and disposed of in line with legislation and guidance."
Homecare Agency,Safe,Safe medicines and treatments,SAF-MT-03,"Where the service is responsible, medicines are ordered, administered, recorded, stored and disposed of safely in line with legislation and guidance."
Homecare Agency,Safe,Safe medicines and treatments,SAF-MT-04,"The administration of PRN medicines (medicines taken when required) is guided by clear protocols, and there are timely reviews."
Homecare Agency,Safe,Safe medicines and treatments,SAF-MT-05,"People and their representatives are involved in assessments, reviews and decisions, including the level of support needed and self-medication. This is clearly documented in care records."
Homecare Agency,Safe,Safe medicines and treatments,SAF-MT-06,"The service actively considers opportunities to reduce the over-medication of people, in line with STOMP/STAMP principles where applicable."
Homecare Agency,Effective,Assessing needs,EFF-AN-01,"People's needs are comprehensively assessed, and reflect their wishes and physical, mental, emotional, sensory, social and communication needs, including those related to protected equality characteristics."
Homecare Agency,Effective,Assessing needs,EFF-AN-02,"Assessments are regularly reviewed and updated to make sure staff have current information, so that care, support and treatment is meeting people's needs and individual outcomes as expected."
Homecare Agency,Effective,Assessing needs,EFF-AN-03,"People's communication needs are assessed and met to maximise the effectiveness of care, support and treatment."
Homecare Agency,Effective,Assessing needs,EFF-AN-04,"People are involved as much as possible in their needs assessment and their needs are fully identified and understood. Where people need support to be involved, this is provided."
Homecare Agency,Effective,Assessing needs,EFF-AN-05,"Assessments focus on people's strengths, and there is a trauma-informed approach to understanding people's needs."
Homecare Agency,Effective,Evidence-based care and equitable outcomes,EFF-EQ-01,"There is a rigorous approach to monitoring the effectiveness of people's care, support and treatment and the service takes action to continuously improve it."
Homecare Agency,Effective,Evidence-based care and equitable outcomes,EFF-EQ-02,"Staff monitor and evaluate outcomes related to people's health and quality of life, including those linked to their aspirations and skill development, and act to improve them when possible."
Homecare Agency,Effective,Evidence-based care and equitable outcomes,EFF-EQ-03,"People's nutritional and hydration needs are met in line with current standards and good practice guidance. Where applicable, there is positive feedback from dietetic professionals that the service asks for their advice and applies it properly."
Homecare Agency,Effective,Supporting people to live healthier lives,EFF-HL-01,"The service works with people who use services and professionals to plan and enable access to health and social care support to achieve good health and wellbeing outcomes. This includes facilitating reasonable adjustments, supporting people to access health checks or to complete healthcare passports."
Homecare Agency,Effective,Supporting people to live healthier lives,EFF-HL-02,"Risks to people's health and wellbeing are identified and support to prevent deterioration is prioritised. This includes understanding specific risks for a person due to their needs and specific health conditions, keeping well in hot and cold weather and supporting people to remain as active and mobile as possible."
Homecare Agency,Effective,Supporting people to live healthier lives,EFF-HL-03,"People are encouraged and supported to make healthier choices relating to diet, lifestyle, physical activity, personal and oral hygiene."
Homecare Agency,Effective,Supporting people to live healthier lives,EFF-HL-04,The service progresses any relevant advice or recommendations made by other professionals or commissioners to prevent deterioration in health and wellbeing and avoidable hospital admissions.
Homecare Agency,Effective,Consent to care and treatment,EFF-CT-01,"Staff know the importance of consent and relevant legal requirements. They make sure people understand what they are consenting to before they deliver care, support or treatment. People are given the appropriate information, support and time they need to make an informed decision."
Homecare Agency,Effective,Consent to care and treatment,EFF-CT-02,"There is a clear understanding of the requirements of the Mental Capacity Act 2005 and guidance relating to capacity and consent, and staff demonstrate how they put these into practice effectively. People are supported to understand information, communicate and make decisions about their life, care, support and treatment in line with the Mental Capacity Act 2005, involving their representatives and advocates when needed."
Homecare Agency,Effective,Consent to care and treatment,EFF-CT-03,"People are supported to access independent advocacy, including statutory or non-statutory when available, and advocates are appropriately involved by the service."
Homecare Agency,Effective,Consent to care and treatment,EFF-CT-04,"The service makes lawful decisions in people's best interests when required. People are involved and their feelings, beliefs and values are considered. Those close to the person and their advocates are involved and kept informed of any changes as appropriate."
Homecare Agency,Effective,"Care provision, integration and continuity",EFF-CP-01,The service understands the diverse needs of the people who use it and tailors their support accordingly. This includes recognising and responding to the needs of people with protected equality characteristics and those most at risk of experiencing poorer care or facing barriers to accessing care.
Homecare Agency,Effective,"Care provision, integration and continuity",EFF-CP-02,"The service works collaboratively and flexibly with others. People experience continuity of care, support and treatment; this includes working with commissioners to manage continuity of care."
Homecare Agency,Effective,"Care provision, integration and continuity",EFF-CP-03,"Where support is provided by more than one service, or by unpaid carers, staff work in a planned, coordinated and flexible way to make sure care is joined up and meets people's needs."
Homecare Agency,Effective,"Care provision, integration and continuity",EFF-CP-04,Staff can identify and take appropriate action when there is a gap in care provision. This includes identifying and taking appropriate action where people are eligible to receive more care or support.
Homecare Agency,Effective,"Care provision, integration and continuity",EFF-CP-05,"People receive the care, support and treatment they are entitled to from the service, which has been arranged and/or funded for them."
Homecare Agency,Caring,"Kindness, compassion and dignity",CAR-KD-01,"There is a culture of kindness and respect across teams. People feel cared for with kindness, compassion, dignity and respect."
Homecare Agency,Caring,"Kindness, compassion and dignity",CAR-KD-02,"People's privacy, confidentiality, and respect are consistently upheld. Staff are discreet and challenge behaviour and practices that fall short of this. Staff have a clear understanding of the boundaries of confidentiality and work within these."
Homecare Agency,Caring,"Kindness, compassion and dignity",CAR-KD-03,"Staff genuinely care about people's wellbeing and show it in a thoughtful, meaningful way. They promptly respond to people's emotions, discomfort, distress, or urgent needs in a positive way. This protects their rights and dignity and staff learn to understand the causes of people's distress to avoid it happening again in the future."
Homecare Agency,Caring,"Kindness, compassion and dignity",CAR-KD-04,"Staff prioritise and anticipate people's comfort and wellbeing needs. They use appropriate tools and communication to meet needs effectively and to avoid any preventable discomfort, concern or distress."
Homecare Agency,Caring,"Independence, choice and control",CAR-IC-01,"If people wish to, they are encouraged and enabled to access meaningful activities, hobbies and interests in a personalised way. People are offered meaningful and genuine choices."
Homecare Agency,Caring,"Independence, choice and control",CAR-IC-02,"People are supported to establish and maintain relationships and networks that are important to them, with access to family, friends, cultural connections, and advocacy support while using the service. When applicable, visiting restrictions are limited to exceptional circumstances in accordance with guidance and legislation."
Homecare Agency,Caring,"Independence, choice and control",CAR-IC-03,"People are supported to make decisions about end of life preferences and advance decisions if they wish to. People who may be approaching the end of their life are identified to ensure their needs are met, in line with their preferences and choices, and the right support is provided."
Homecare Agency,Caring,"Independence, choice and control",CAR-IC-04,"People have choice and control over their own care and are empowered to make decisions about their care, support, treatment and wellbeing."
Homecare Agency,Caring,Equity in experiences,CAR-EE-01,"Leaders and staff work collaboratively to achieve equity. They do this by recognising barriers, collecting and acting on evidence, including people's experiences, and allocating resources to reduce barriers and improve this."
Homecare Agency,Caring,Equity in experiences,CAR-EE-02,Interpreting and translation are provided or accessed for people who don't speak English as a first language and for people who use British Sign Language.
Homecare Agency,Caring,Listening to and responding to feedback,CAR-LR-01,"People and those close to them understand how to give feedback, make suggestions or complain about care, support and treatment. They can do this in a way that meets their needs."
Homecare Agency,Caring,Listening to and responding to feedback,CAR-LR-02,"The staff and service welcome feedback, concerns or complaints as an opportunity to improve the service and the quality of care people receive. Learning from feedback, concerns or complaints is incorporated into practice."
Homecare Agency,Caring,Listening to and responding to feedback,CAR-LR-03,"People feel confident that their views or concerns will be taken seriously and they will be treated compassionately, without negative repercussions."
Homecare Agency,Responsive,Person-centred care,RES-PC-01,"People are at the centre of how their care, support and treatment is delivered. Care is tailored to the individual and is not task-focused."
Homecare Agency,Responsive,Person-centred care,RES-PC-02,"Staff treat people as individuals, considering any relevant protected equality characteristics and ensuring their personal, cultural, social, spiritual and religious needs are understood and met."
Homecare Agency,Responsive,Person-centred care,RES-PC-03,"People and those close to them (including representatives, advocates and where appropriate dependents) are regularly involved in planning, making and updating shared decisions about their care, support and treatment, so it is centred around them and their needs."
Homecare Agency,Responsive,Timely and equitable access,RES-TA-01,"People can access care, support and treatment, including physically, when they need it and in a way that works for them, which promotes equality, removes barriers or delays and protects their rights."
Homecare Agency,Responsive,Timely and equitable access,RES-TA-02,Reasonable adjustments are understood and made to ensure equal access to the service for all. This removes barriers for people who find it hard to access services.
Homecare Agency,Responsive,Timely and equitable access,RES-TA-03,"The service is designed to be accessible and available for people at the point of need, including those most likely to have difficulty accessing care. When there are barriers that prevent equitable access, they are removed."
Homecare Agency,Responsive,Timely and equitable access,RES-TA-04,The service seeks people's feedback and other evidence and uses this to improve access for people who are more likely to experience barriers or delays in accessing their care.
Homecare Agency,Well-Led,Capable and compassionate leaders,WEL-CL-01,"Where required, there is a registered manager in post. They understand their responsibilities and are supported by the board, trustees or directors and other managers to deliver good, effective, high-quality care."
Homecare Agency,Well-Led,Capable and compassionate leaders,WEL-CL-02,"High-quality leadership is sustained through safe, effective, and inclusive recruitment and succession planning."
Homecare Agency,Well-Led,Capable and compassionate leaders,WEL-CL-03,Leaders are knowledgeable about issues and priorities that affect the quality of the service and have access to appropriate development in their role. They seek support or independent scrutiny where required.
Homecare Agency,Well-Led,Capable and compassionate leaders,WEL-CL-04,"When something goes wrong, people receive a sincere and timely apology and are told about any actions being taken to prevent the same thing happening again."
Homecare Agency,Well-Led,Governance and management,WEL-GM-01,The service has an accurate statement of purpose that clearly reflects current service provision.
Homecare Agency,Well-Led,Governance and management,WEL-GM-02,"There are effective systems for monitoring and managing service performance, risk and learning from incidents that support innovation while maintaining the quality of care at the service."
Homecare Agency,Well-Led,Governance and management,WEL-GM-03,"There are secure and reliable arrangements for the availability, integrity and confidentiality of data, records and data management systems. Information is used effectively to monitor and improve the quality of care. Staff understand their responsibilities when collecting and sharing information."
Homecare Agency,Well-Led,Governance and management,WEL-GM-04,"There are thorough business continuity plans in place for emergencies or natural disasters, such as adverse weather events, and staff know how to put these into practice."
Homecare Agency,Well-Led,Governance and management,WEL-GM-05,Data or notifications are consistently submitted to external partners as required.
Homecare Agency,Well-Led,Governance and management,WEL-GM-06,"There are clear and effective governance, management and accountability arrangements. Staff understand their roles and responsibilities. Managers can account for the actions, behaviours and performance of staff."
Homecare Agency,Well-Led,Partnerships and communities,WEL-PC-01,The service maintains positive relationships with the local community and works well with community partners.
Homecare Agency,Well-Led,Partnerships and communities,WEL-PC-02,"Staff and leaders work in partnership with people and other organisations, so that services work as seamlessly as possible for people."
Homecare Agency,Well-Led,Partnerships and communities,WEL-PC-03,"The service has strong external relationships and all staff including leaders engage early with people, communities, and partners to share learning with each other, which results in continuous improvements to the service. They understand that they cannot solve everything on their own and reach out to others, using these networks to identify new or innovative ideas that can lead to better outcomes for people."
Homecare Agency,Well-Led,"Improvement, innovation and learning",WEL-IL-01,"Staff and leaders understand how to drive improvement through consistent approaches that enable the right environment for improvement, measuring outcomes and impact."
Homecare Agency,Well-Led,"Improvement, innovation and learning",WEL-IL-02,"Leaders foster a culture of trust by encouraging staff to speak up with ideas for improvement and innovation, and by actively investing time to listen and engage."
Homecare Agency,Well-Led,"Improvement, innovation and learning",WEL-IL-03,"Staff and leaders engage with external work, including research, and embed evidence-based good practice in the service."
Homecare Agency,Well-Led,Workforce equity and culture,WEL-WE-01,"The service is committed to workforce equality, understands equity and proactively works to promote equality, diversity and inclusion. Wellbeing, inclusion, trust and open communication are embedded in the culture of the service."
Homecare Agency,Well-Led,Workforce equity and culture,WEL-WE-02,"Staff and volunteers are actively encouraged to give feedback, raise concerns, and contribute to improvements through formal speaking up processes. They are confident that they will be treated with compassion and understanding, and will not be blamed, or treated negatively if they do so - including in relation to issues of racism and discrimination. Where necessary, leaders provide a timely and considered response."
Homecare Agency,Well-Led,Workforce equity and culture,WEL-WE-03,"Staff wellbeing is promoted by providing personalised support, such as making reasonable adjustments, enabling flexible working, ensuring adequate rest, and providing a positive work environment. There is support if people are struggling at work. This has a positive impact on the care they deliver to people."
Homecare Agency,Well-Led,Strategic direction,WEL-SD-01,"The values of the service are clear, understood and supported by staff. They are demonstrated through the behaviour of leaders and in practices within the service. They include key principles such as openness, involvement, respect, human rights, inclusion, diversity and equality."
Homecare Agency,Well-Led,Strategic direction,WEL-SD-02,"Leaders learn from staff who work directly with people, to build trust and mutual understanding. Feedback is valued and used to track progress, shape priorities and drive improvements."
Homecare Agency,Well-Led,Strategic direction,WEL-SD-03,The strategy supports the stability and operational sustainability of the service.
Extra Care Housing,Safe,Safety culture,SAF-SC-01,"All incidents are recorded, investigated and outcomes are communicated to those involved. If harm has occurred, people are given full details of what happened, why, and what has been learned."
Extra Care Housing,Safe,Safety culture,SAF-SC-02,"There is a good understanding of the duty of candour. When an incident has happened, staff are open and transparent with people and those close to them."
Extra Care Housing,Safe,Safety culture,SAF-SC-03,"There is a strong learning culture in which incidents that have caused harm, or could cause harm, are treated as opportunities to improve."
Extra Care Housing,Safe,Safety culture,SAF-SC-04,"Complaints, concerns and other feedback about safety are welcomed and prioritised as key sources used to identify and manage safety risks before safety incidents happen."
Extra Care Housing,Safe,Safety culture,SAF-SC-05,"The service looks for safety-related themes and trends. Patient safety alerts are consistently reviewed and acted on, and learning from external safety incidents is embedded in the delivery of care."
Extra Care Housing,Safe,Safety culture,SAF-SC-06,"Staff and leaders understand what constitutes a closed culture and the risks to people, including organisational abuse. There are systems and processes in place to identify concerns and prevent closed cultures from developing, and appropriate action is taken when needed."
Extra Care Housing,Safe,Managing risks during care and treatment,SAF-MR-01,"People's care plans reflect any foreseeable risks and how they should be managed. Deterioration, emergencies and clinical risks are anticipated where possible and managed to reduce the potential for harm."
Extra Care Housing,Safe,Managing risks during care and treatment,SAF-MR-02,People are respected and protected from avoidable harm because care is provided in line with recognised good practice guidance.
Extra Care Housing,Safe,Managing risks during care and treatment,SAF-MR-03,"Care, support and treatment are discussed with people so they understand the potential risks and side effects. Where appropriate, people and those close to them are actively involved in managing their own risks."
Extra Care Housing,Safe,Managing risks during care and treatment,SAF-MR-04,"The service has a process to ensure that any restrictions on people's freedom, choice and control are necessary, proportionate and safe. This particularly includes where people lack mental capacity."
Extra Care Housing,Safe,Managing risks during care and treatment,SAF-MR-05,"Restraint is only ever used as a last resort and there is a clear commitment from all staff to minimising the use of restrictive interventions in the service. If staff use restraint, it is lawful, for a legitimate purpose, safe and necessary, and staff follow good practice."
Extra Care Housing,Safe,Safeguarding,SAF-SG-01,"There are effective safeguarding systems, processes and practices, managed by appropriately trained staff, which protect people from abuse, neglect, harassment and breaches of their dignity. These operate in line with legislation and guidance, are communicated effectively and are accessible to people, staff and visitors to the service."
Extra Care Housing,Safe,Safeguarding,SAF-SG-02,"Staff can identify abuse and improper treatment. They recognise early indicators of potential abuse or poor care, even when these do not meet the threshold for formal safeguarding concerns. Staff act quickly and appropriately to protect people, working closely with partners."
Extra Care Housing,Safe,Safeguarding,SAF-SG-03,"Information about people who have suffered harm or are at risk of harm is shared appropriately with other agencies, such as the local authority, in a timely way. Staff use appropriate escalation pathways when concerns are not addressed."
Extra Care Housing,Safe,Safeguarding,SAF-SG-04,"People are deprived of their liberty lawfully. Any potential deprivation of liberty is recognised promptly and appropriate authorisation is sought. Where applicable, the Deprivation of Liberty Safeguards (DoLS) are used appropriately and only when it is in the best interests of the person."
Extra Care Housing,Safe,Safeguarding,SAF-SG-05,"People are supported to understand what safeguarding means and how to raise concerns on behalf of themselves and others, and are encouraged and empowered to do so."
Extra Care Housing,Safe,"Safe systems, pathways and transitions",SAF-ST-01,"Plans and information for care during transitions are established and shared before people move between services. Plans consider people's individual needs, circumstances, ongoing care arrangements and expected outcomes."
Extra Care Housing,Safe,"Safe systems, pathways and transitions",SAF-ST-02,"Safety and continuity are maintained across people's care journeys through collaborative working with people, staff and partners. This includes where people are moving between or accessing multiple services."
Extra Care Housing,Safe,"Safe systems, pathways and transitions",SAF-ST-03,"Staff work together proactively with teams in other services, commissioners and people using the service to deliver co-ordinated, timely, consistent and person-centred care, support and treatment. Actions are appropriately owned and followed up."
Extra Care Housing,Safe,"Safe systems, pathways and transitions",SAF-ST-04,"When people have needs that are outside of the service's remit, staff adapt support and escalate issues to relevant agencies."
Extra Care Housing,Safe,"Safe systems, pathways and transitions",SAF-ST-05,"The service has appropriate systems and processes to manage its responsibilities in relation to delegated healthcare activities safely, in line with good practice."
Extra Care Housing,Safe,Safe environments and infection prevention and control,SAF-EI-01,Fire safety procedures are effective. Concerns are escalated appropriately where the service is not directly responsible for the premises.
Extra Care Housing,Safe,Safe environments and infection prevention and control,SAF-EI-02,"Where the provider is responsible, there is a comprehensive system to proactively manage the safety and upkeep of the premises (including communal and personal spaces) and equipment, and risks are assessed and controlled. Professionally qualified and competent people complete the necessary environmental and equipment checks and maintenance."
Extra Care Housing,Safe,Safe environments and infection prevention and control,SAF-EI-03,The service manages the control and prevention of infection well. Infection prevention and control roles are clear. The risk of infection is minimised because premises and equipment are kept clean and hygienic.
Extra Care Housing,Safe,Safe environments and infection prevention and control,SAF-EI-04,"The service monitors and acts on equipment alerts, recalls and safety information."
Extra Care Housing,Safe,Safe environments and infection prevention and control,SAF-EI-05,"Facilities, equipment (including special or adaptive equipment) and technology that are the responsibility of the service are maintained, stored and used in line with good practice and guidance."
Extra Care Housing,Safe,Safe staffing,SAF-SS-01,"There are appropriate staffing levels and skill mix to meet people's needs. Individual needs are taken into consideration so that when people receive one-to-one support, the skills and experience of staff are matched to the person's needs."
Extra Care Housing,Safe,Safe staffing,SAF-SS-02,"Thorough and safe recruitment practices ensure staff, including agency staff and volunteers, are suitably experienced, qualified and competent to carry out their roles."
Extra Care Housing,Safe,Safe staffing,SAF-SS-03,"Actions are taken to protect staff from fatigue, and leaders understand its impact on the safety of those who use services."
Extra Care Housing,Safe,Safe staffing,SAF-SS-04,"There are induction, supervision and appraisal processes to support staff to develop and improve services (including professional revalidation where needed)."
Extra Care Housing,Safe,Safe medicines and treatments,SAF-MT-01,"There is a clear approach to the safe use of medicines, and roles and responsibilities are understood."
Extra Care Housing,Safe,Safe medicines and treatments,SAF-MT-02,"Controlled drugs are stored, recorded, administered and disposed of in line with legislation and guidance."
Extra Care Housing,Safe,Safe medicines and treatments,SAF-MT-03,"Where the service is responsible, medicines are ordered, administered, recorded, stored and disposed of safely in line with legislation and guidance."
Extra Care Housing,Safe,Safe medicines and treatments,SAF-MT-04,"The administration of PRN medicines (medicines taken when required) is guided by clear protocols, and there are timely reviews."
Extra Care Housing,Safe,Safe medicines and treatments,SAF-MT-05,"People and their representatives are involved in assessments, reviews and decisions, including the level of support needed and self-medication. This is clearly documented in care records."
Extra Care Housing,Safe,Safe medicines and treatments,SAF-MT-06,"The service actively considers opportunities to reduce the over-medication of people, in line with STOMP/STAMP principles where applicable."
Extra Care Housing,Effective,Assessing needs,EFF-AN-01,"People's needs are comprehensively assessed, and reflect their wishes and physical, mental, emotional, sensory, social and communication needs, including those related to protected equality characteristics."
Extra Care Housing,Effective,Assessing needs,EFF-AN-02,"Assessments are regularly reviewed and updated to make sure staff have current information, so that care, support and treatment is meeting people's needs and individual outcomes as expected."
Extra Care Housing,Effective,Assessing needs,EFF-AN-03,"People's communication needs are assessed and met to maximise the effectiveness of care, support and treatment."
Extra Care Housing,Effective,Assessing needs,EFF-AN-04,"People are involved as much as possible in their needs assessment and their needs are fully identified and understood. Where people need support to be involved, this is provided."
Extra Care Housing,Effective,"Care provision, integration and continuity",EFF-CP-01,The service understands the diverse needs of the people who use it and tailors their support accordingly. This includes recognising and responding to the needs of people with protected equality characteristics and those most at risk of experiencing poorer care or facing barriers to accessing care.
Extra Care Housing,Effective,"Care provision, integration and continuity",EFF-CP-02,"The service works collaboratively and flexibly with others. People experience continuity of care, support and treatment; this includes working with commissioners to manage continuity of care."
Extra Care Housing,Effective,"Care provision, integration and continuity",EFF-CP-03,"Where support is provided by more than one service, or by unpaid carers, staff work in a planned, coordinated and flexible way to make sure care is joined up and meets people's needs."
Extra Care Housing,Effective,"Care provision, integration and continuity",EFF-CP-04,Staff can identify and take appropriate action when there is a gap in care provision. This includes identifying and taking appropriate action where people are eligible to receive more care or support.
Extra Care Housing,Effective,Supporting people to live healthier lives,EFF-HL-01,"The service works with people who use services and professionals to plan and enable access to health and social care support to achieve good health and wellbeing outcomes. This includes facilitating reasonable adjustments, supporting people to access health checks or to complete healthcare passports."
Extra Care Housing,Effective,Supporting people to live healthier lives,EFF-HL-02,"Risks to people's health and wellbeing are identified and support to prevent deterioration is prioritised. This includes understanding specific risks for a person due to their needs and specific health conditions, keeping well in hot and cold weather and supporting people to remain as active and mobile as possible."
Extra Care Housing,Effective,Supporting people to live healthier lives,EFF-HL-03,"People are encouraged and supported to make healthier choices relating to diet, lifestyle, physical activity, personal and oral hygiene."
Extra Care Housing,Effective,Evidence-based care and equitable outcomes,EFF-EB-01,"People's nutritional and hydration needs are met in line with current standards and good practice guidance. Where applicable, there is positive feedback from dietetic professionals that the service asks for their advice and applies it properly."
Extra Care Housing,Effective,Evidence-based care and equitable outcomes,EFF-EB-02,"People are supported to plan and manage their dietary needs and associated risks, including risks of poor nutrition, dehydration, swallowing problems and other medical conditions that affect their health."
Extra Care Housing,Effective,Evidence-based care and equitable outcomes,EFF-EQ-01,"There is a rigorous approach to monitoring the effectiveness of people's care, support and treatment and the service takes action to continuously improve it."
Extra Care Housing,Effective,Evidence-based care and equitable outcomes,EFF-EQ-02,"Staff monitor and evaluate outcomes related to people's health and quality of life, including those linked to their aspirations and skill development, and act to improve them when possible."
Extra Care Housing,Effective,Evidence-based care and equitable outcomes,EFF-EB-05,"Staff are aware of individual preferences in relation to eating and drinking and there is flexibility when needed or requested. There are good quality food choices and these respect individual wishes, including those relating to sensory, cultural, religious and ethical preferences."
Extra Care Housing,Effective,Consent to care and treatment,EFF-CT-01,"Staff know the importance of consent and relevant legal requirements. They make sure people understand what they are consenting to before they deliver care, support or treatment. People are given the appropriate information, support and time they need to make an informed decision."
Extra Care Housing,Effective,Consent to care and treatment,EFF-CT-02,"There is a clear understanding of the requirements of the Mental Capacity Act 2005 and guidance relating to capacity and consent, and staff demonstrate how they put these into practice effectively. People are supported to understand information, communicate and make decisions about their life, care, support and treatment in line with the Mental Capacity Act 2005, involving their representatives and advocates when needed."
Extra Care Housing,Effective,Consent to care and treatment,EFF-CT-03,"People are supported to access independent advocacy, including statutory or non-statutory when available, and advocates are appropriately involved by the service."
Extra Care Housing,Effective,Consent to care and treatment,EFF-CT-04,"The service makes lawful decisions in people's best interests when required. People are involved and their feelings, beliefs and values are considered. Those close to the person and their advocates are involved and kept informed of any changes as appropriate."
Extra Care Housing,Caring,"Kindness, compassion and dignity",CAR-KD-01,"There is a culture of kindness and respect across teams. People feel cared for with kindness, compassion, dignity and respect."
Extra Care Housing,Caring,"Kindness, compassion and dignity",CAR-KD-02,"People's privacy, confidentiality, and respect are consistently upheld. Staff are discreet and challenge behaviour and practices that fall short of this. Staff have a clear understanding of the boundaries of confidentiality and work within these."
Extra Care Housing,Caring,"Kindness, compassion and dignity",CAR-KD-03,"Staff genuinely care about people's wellbeing and show it in a thoughtful, meaningful way. They promptly respond to people's emotions, discomfort, distress, or urgent needs in a positive way."
Extra Care Housing,Caring,"Independence, choice and control",CAR-IC-01,"If people wish to, they are encouraged and enabled to access meaningful activities, hobbies and interests in a personalised way. People are offered meaningful and genuine choices."
Extra Care Housing,Caring,"Independence, choice and control",CAR-IC-02,"People are supported to establish and maintain relationships and networks that are important to them, with access to family, friends, cultural connections, and advocacy support while using the service. When applicable, visiting restrictions are limited to exceptional circumstances in accordance with guidance and legislation."
Extra Care Housing,Caring,"Independence, choice and control",CAR-IC-03,"People are supported to make decisions about end of life preferences and advance decisions if they wish to. People who may be approaching the end of their life are identified to ensure their needs are met, in line with their preferences and choices, and the right support is provided."
Extra Care Housing,Caring,"Independence, choice and control",CAR-IC-04,"There is a compassionate and supportive approach towards those close to the person, or staff, before and after a person dies."
Extra Care Housing,Caring,"Independence, choice and control",CAR-IC-05,"People are supported to plan for important life changes, including those relating to potential medical and psychological needs. They can have enough time and accessible information to make informed decisions about their future."
Extra Care Housing,Caring,"Independence, choice and control",CAR-IC-06,"People have choice and control over their own care and are empowered to make decisions about their care, support, treatment and wellbeing."
Extra Care Housing,Caring,Equity in experiences,CAR-EE-01,"Leaders and staff work collaboratively to achieve equity. They do this by recognising barriers, collecting and acting on evidence, including people's experiences, and allocating resources to reduce barriers and improve this."
Extra Care Housing,Caring,Equity in experiences,CAR-EE-02,Interpreting and translation are provided or accessed for people who don't speak English as a first language and for people who use British Sign Language.
Extra Care Housing,Caring,Equity in experiences,CAR-EE-03,Staff are supported to develop the skills they need to remove barriers to effective communication with the people they support.
Extra Care Housing,Caring,Listening to and responding to feedback,CAR-LR-01,"People and those close to them understand how to give feedback, make suggestions or complain about care, support and treatment. They can do this in a way that meets their needs."
Extra Care Housing,Caring,Listening to and responding to feedback,CAR-LR-02,"The staff and service welcome feedback, concerns or complaints as an opportunity to improve the service and the quality of care people receive. Learning from feedback, concerns or complaints is incorporated into practice."
Extra Care Housing,Caring,Listening to and responding to feedback,CAR-LR-03,"The service keeps people informed about how their feedback has been addressed and any action taken including a full explanation when it has not been acted on. It does this in line with established processes, and people are given information on how to escalate their complaints to the relevant Ombudsman at the end of its complaint process."
Extra Care Housing,Caring,Listening to and responding to feedback,CAR-LR-04,"People feel confident that their views or concerns will be taken seriously and they will be treated compassionately, without negative repercussions."
Extra Care Housing,Responsive,Person-centred care,RES-PC-01,"People are at the centre of how their care, support and treatment is delivered. Care is tailored to the individual and is not task-focused."
Extra Care Housing,Responsive,Person-centred care,RES-PC-02,"Staff treat people as individuals, considering any relevant protected equality characteristics and ensuring their personal, cultural, social, spiritual and religious needs are understood and met."
Extra Care Housing,Responsive,Timely and equitable access,RES-TA-01,"People can access care, support and treatment, including physically, when they need it and in a way that works for them, which promotes equality, removes barriers or delays and protects their rights."
Extra Care Housing,Responsive,Timely and equitable access,RES-TA-02,Reasonable adjustments are understood and made to ensure equal access to the service for all. This removes barriers for people who find it hard to access services.
Extra Care Housing,Responsive,Timely and equitable access,RES-TA-03,"The service is designed to be accessible and available for people at the point of need, including those most likely to have difficulty accessing care. When there are barriers that prevent equitable access, they are removed."
Extra Care Housing,Well-Led,Capable and compassionate leaders,WEL-CL-01,"Where required, there is a registered manager in post. They understand their responsibilities and are supported by the board, trustees or directors and other managers to deliver good, effective, high-quality care."
Extra Care Housing,Well-Led,Capable and compassionate leaders,WEL-CL-02,"High-quality leadership is sustained through safe, effective, and inclusive recruitment and succession planning."
Extra Care Housing,Well-Led,Capable and compassionate leaders,WEL-CL-03,Leaders are knowledgeable about issues and priorities that affect the quality of the service and have access to appropriate development in their role. They seek support or independent scrutiny where required.
Extra Care Housing,Well-Led,Capable and compassionate leaders,WEL-CL-04,"When something goes wrong, people receive a sincere and timely apology and are told about any actions being taken to prevent the same thing happening again."
Extra Care Housing,Well-Led,Governance and management,WEL-GM-01,The service has an accurate statement of purpose that clearly reflects current service provision.
Extra Care Housing,Well-Led,Governance and management,WEL-GM-02,"There are effective systems for monitoring and managing service performance, risk and learning from incidents that support innovation while maintaining the quality of care at the service."
Extra Care Housing,Well-Led,Governance and management,WEL-GM-03,"There are secure and reliable arrangements for the availability, integrity and confidentiality of data, records and data management systems. Information is used effectively to monitor and improve the quality of care. Staff understand their responsibilities when collecting and sharing information."
Extra Care Housing,Well-Led,Governance and management,WEL-GM-04,"There are thorough business continuity plans in place for emergencies or natural disasters, such as adverse weather events, and staff know how to put these into practice."
Extra Care Housing,Well-Led,Governance and management,WEL-GM-05,Data or notifications are consistently submitted to external partners as required.
Extra Care Housing,Well-Led,Governance and management,WEL-GM-06,"There are clear and effective governance, management and accountability arrangements. Staff understand their roles and responsibilities. Managers can account for the actions, behaviours and performance of staff."
Extra Care Housing,Well-Led,Partnerships and communities,WEL-PC-01,The service maintains positive relationships with the local community and works well with community partners.
Extra Care Housing,Well-Led,Partnerships and communities,WEL-PC-02,"Staff and leaders work in partnership with people and other organisations, so that services work as seamlessly as possible for people."
Extra Care Housing,Well-Led,Partnerships and communities,WEL-PC-03,"The service has strong external relationships and all staff including leaders engage early with people, communities, and partners to share learning with each other, which results in continuous improvements to the service."
Extra Care Housing,Well-Led,"Improvement, innovation and learning",WEL-IL-01,"Staff and leaders understand how to drive improvement through consistent approaches that enable the right environment for improvement, measuring outcomes and impact."
Extra Care Housing,Well-Led,"Improvement, innovation and learning",WEL-IL-02,"Leaders foster a culture of trust by encouraging staff to speak up with ideas for improvement and innovation, and by actively investing time to listen and engage."
Extra Care Housing,Well-Led,"Improvement, innovation and learning",WEL-IL-03,"Staff and leaders engage with external work, including research, and embed evidence-based good practice in the service."
Extra Care Housing,Well-Led,Workforce equity and culture,WEL-WE-01,"The service is committed to workforce equality, understands equity and proactively works to promote equality, diversity and inclusion. Wellbeing, inclusion, trust and open communication are embedded in the culture of the service."
Extra Care Housing,Well-Led,Workforce equity and culture,WEL-WE-02,"Staff and volunteers are actively encouraged to give feedback, raise concerns, and contribute to improvements through formal speaking up processes. They are confident that they will be treated with compassion and understanding, and will not be blamed, or treated negatively if they do so - including in relation to issues of racism and discrimination."
Extra Care Housing,Well-Led,Workforce equity and culture,WEL-WE-03,"Staff wellbeing is promoted by providing personalised support, such as making reasonable adjustments, enabling flexible working, ensuring adequate rest, and providing a positive work environment. There is support if people are struggling at work."
Extra Care Housing,Well-Led,Strategic direction,WEL-SD-01,"The values of the service are clear, understood and supported by staff. They are demonstrated through the behaviour of leaders and in practices within the service. They include key principles such as openness, involvement, respect, human rights, inclusion, diversity and equality."
Extra Care Housing,Well-Led,Strategic direction,WEL-SD-02,"Leaders learn from staff who work directly with people, to build trust and mutual understanding. Feedback is valued and used to track progress, shape priorities and drive improvements."
Extra Care Housing,Well-Led,Strategic direction,WEL-SD-03,The strategy supports the stability and operational sustainability of the service.
Shared Lives Scheme,Safe,Safety culture,SAF-SC-01,"All incidents are recorded, investigated and outcomes are communicated to those involved. If harm has occurred, people are given full details of what happened, why, and what has been learned."
Shared Lives Scheme,Safe,Safety culture,SAF-SC-02,"There is a good understanding of the duty of candour. When an incident has happened, staff are open and transparent with people and those close to them."
Shared Lives Scheme,Safe,Safety culture,SAF-SC-03,"There is a strong learning culture in which incidents that have caused harm, or could cause harm, are treated as opportunities to improve."
Shared Lives Scheme,Safe,Safety culture,SAF-SC-04,"Complaints, concerns and other feedback about safety are welcomed and prioritised as key sources used to identify and manage safety risks before safety incidents happen."
Shared Lives Scheme,Safe,Safety culture,SAF-SC-05,"The service looks for safety-related themes and trends. Patient safety alerts are consistently reviewed and acted on, and learning from external safety incidents is embedded in the delivery of care."
Shared Lives Scheme,Safe,Safety culture,SAF-SC-06,"Staff and leaders understand what constitutes a closed culture and the risks to people, including organisational abuse. There are systems and processes in place to identify concerns and prevent closed cultures from developing, and appropriate action is taken when needed."
Shared Lives Scheme,Safe,Managing risks during care and treatment,SAF-MR-01,"People's care plans reflect any foreseeable risks and how they should be managed. Deterioration, emergencies and clinical risks are anticipated where possible and managed to reduce the potential for harm."
Shared Lives Scheme,Safe,Managing risks during care and treatment,SAF-MR-02,People are respected and protected from avoidable harm because care is provided in line with recognised good practice guidance.
Shared Lives Scheme,Safe,Managing risks during care and treatment,SAF-MR-03,"Care, support and treatment are discussed with people so they understand the potential risks and side effects. Where appropriate, people and those close to them are actively involved in managing their own risks."
Shared Lives Scheme,Safe,Managing risks during care and treatment,SAF-MR-04,"The service has a process to ensure that any restrictions on people's freedom, choice and control are necessary, proportionate and safe. This particularly includes where people lack mental capacity."
Shared Lives Scheme,Safe,Managing risks during care and treatment,SAF-MR-05,"Restraint is only ever used as a last resort and there is a clear commitment from all staff to minimising the use of restrictive interventions in the service. If staff use restraint, it is lawful, for a legitimate purpose, safe and necessary, and staff follow good practice."
Shared Lives Scheme,Safe,Safe systems pathways and transitions,SAF-SP-01,"Plans and information for care during transitions are established and shared before people move between services. Plans consider people's individual needs, circumstances, ongoing care arrangements and expected outcomes."
Shared Lives Scheme,Safe,Safe systems pathways and transitions,SAF-SP-02,"Safety and continuity are maintained across people's care journeys through collaborative working with people, staff and partners. This includes where people are moving between or accessing multiple services."
Shared Lives Scheme,Safe,Safe systems pathways and transitions,SAF-SP-03,"Staff work together proactively with teams in other services, commissioners and people using the service to deliver co-ordinated, timely, consistent and person-centred care, support and treatment. Actions are appropriately owned and followed up."
Shared Lives Scheme,Safe,Safe systems pathways and transitions,SAF-SP-04,"When people have needs that are outside of the service's remit, staff adapt support and escalate issues to relevant agencies."
Shared Lives Scheme,Safe,Safe systems pathways and transitions,SAF-SP-05,"The service has appropriate systems and processes to manage its responsibilities in relation to delegated healthcare activities safely, in line with good practice."
Shared Lives Scheme,Safe,Safeguarding,SAF-SG-01,"There are effective safeguarding systems, processes and practices, managed by appropriately trained staff, which protect people from abuse, neglect, harassment and breaches of their dignity. These operate in line with legislation and guidance, are communicated effectively and are accessible to people, staff and visitors to the service."
Shared Lives Scheme,Safe,Safeguarding,SAF-SG-02,"Staff can identify abuse and improper treatment. They recognise early indicators of potential abuse or poor care, even when these do not meet the threshold for formal safeguarding concerns. Staff act quickly and appropriately to protect people, working closely with partners."
Shared Lives Scheme,Safe,Safeguarding,SAF-SG-03,"Information about people who have suffered harm or are at risk of harm is shared appropriately with other agencies, such as the local authority, in a timely way. Staff use appropriate escalation pathways when concerns are not addressed."
Shared Lives Scheme,Safe,Safeguarding,SAF-SG-04,"People are deprived of their liberty lawfully. Any potential deprivation of liberty is recognised promptly and appropriate authorisation is sought. Where applicable, the Deprivation of Liberty Safeguards (DoLS) are used appropriately and only when it is in the best interests of the person."
Shared Lives Scheme,Safe,Safeguarding,SAF-SG-05,"People are supported to understand what safeguarding means and how to raise concerns on behalf of themselves and others, and are encouraged and empowered to do so."
Shared Lives Scheme,Safe,Safe environments and infection prevention and control,SAF-EI-01,Fire safety procedures are effective. Concerns are escalated appropriately where the service is not directly responsible for the premises.
Shared Lives Scheme,Safe,Safe environments and infection prevention and control,SAF-EI-02,"Where the provider is responsible, there is a comprehensive system to proactively manage the safety and upkeep of the premises (including communal and personal spaces) and equipment, and risks are assessed and controlled. Professionally qualified and competent people complete the necessary environmental and equipment checks and maintenance."
Shared Lives Scheme,Safe,Safe environments and infection prevention and control,SAF-EI-03,The service manages the control and prevention of infection well. Infection prevention and control roles are clear. The risk of infection is minimised because premises and equipment are kept clean and hygienic.
Shared Lives Scheme,Safe,Safe environments and infection prevention and control,SAF-EI-04,"The service monitors and acts on equipment alerts, recalls and safety information."
Shared Lives Scheme,Safe,Safe environments and infection prevention and control,SAF-EI-05,"Facilities, equipment (including special or adaptive equipment) and technology that are the responsibility of the service are maintained, stored and used in line with good practice and guidance."
Shared Lives Scheme,Safe,Safe staffing,EFF-TD-01,"Thorough and safe recruitment practices ensure staff, including agency staff and volunteers, are suitably experienced, qualified and competent to carry out their roles."
Shared Lives Scheme,Safe,Safe staffing,EFF-TD-02,"There are appropriate staffing levels and skill mix to meet people's needs. Individual needs are taken into consideration so that when people receive one-to-one support, the skills and experience of staff are matched to the person's needs."
Shared Lives Scheme,Safe,Safe staffing,EFF-TD-03,"There are induction, supervision and appraisal processes to support staff to develop and improve services (including professional revalidation where needed)."
Shared Lives Scheme,Safe,Safe staffing,SAF-SS-03,"Actions are taken to protect staff from fatigue, and leaders understand its impact on the safety of those who use services."
Shared Lives Scheme,Safe,Safe medicines and treatments,SAF-MM-01,"There is a clear approach to the safe use of medicines, and roles and responsibilities are understood."
Shared Lives Scheme,Safe,Safe medicines and treatments,SAF-MM-02,"Where the service is responsible, medicines are ordered, administered, recorded, stored and disposed of safely in line with legislation and guidance."
Shared Lives Scheme,Safe,Safe medicines and treatments,SAF-MT-02,"Controlled drugs are stored, recorded, administered and disposed of in line with legislation and guidance."
Shared Lives Scheme,Safe,Safe medicines and treatments,SAF-MT-04,"The administration of PRN medicines (medicines taken when required) is guided by clear protocols, and there are timely reviews."
Shared Lives Scheme,Safe,Safe medicines and treatments,SAF-MT-05,"People and their representatives are involved in assessments, reviews and decisions, including the level of support needed and self-medication. This is clearly documented in care records."
Shared Lives Scheme,Safe,Safe medicines and treatments,SAF-MT-06,"The service actively considers opportunities to reduce the over-medication of people, in line with STOMP/STAMP principles where applicable."
Shared Lives Scheme,Effective,Assessing needs,EFF-CP-01,"People's needs are comprehensively assessed, and reflect their wishes and physical, mental, emotional, sensory, social and communication needs, including those related to protected equality characteristics."
Shared Lives Scheme,Effective,Assessing needs,EFF-CP-02,"Assessments are regularly reviewed and updated to make sure staff have current information, so that care, support and treatment is meeting people's needs and individual outcomes as expected."
Shared Lives Scheme,Effective,Assessing needs,EFF-MP-01,"People are involved as much as possible in their needs assessment and their needs are fully identified and understood. Where people need support to be involved, this is provided."
Shared Lives Scheme,Effective,Assessing needs,EFF-MP-02,"People's communication needs are assessed and met to maximise the effectiveness of care, support and treatment."
Shared Lives Scheme,Effective,Evidence-based care and equitable outcomes,EFF-EB-01,"People's nutritional and hydration needs are met in line with current standards and good practice guidance. Where applicable, there is positive feedback from dietetic professionals that the service asks for their advice and applies it properly."
Shared Lives Scheme,Effective,Evidence-based care and equitable outcomes,EFF-EB-02,"People are supported to plan and manage their dietary needs and associated risks, including risks of poor nutrition, dehydration, swallowing problems and other medical conditions that affect their health."
Shared Lives Scheme,Effective,Evidence-based care and equitable outcomes,EFF-EB-03,"There is a rigorous approach to monitoring the effectiveness of people's care, support and treatment and the service takes action to continuously improve it."
Shared Lives Scheme,Effective,Evidence-based care and equitable outcomes,EFF-EB-04,"Staff monitor and evaluate outcomes related to people's health and quality of life, including those linked to their aspirations and skill development, and act to improve them when possible."
Shared Lives Scheme,Effective,Evidence-based care and equitable outcomes,EFF-EB-05,"Staff are aware of individual preferences in relation to eating and drinking and there is flexibility when needed or requested. There are good quality food choices and these respect individual wishes, including those relating to sensory, cultural, religious and ethical preferences."
Shared Lives Scheme,Effective,Supporting people to live healthier lives,EFF-HL-01,"The service works with people who use services and professionals to plan and enable access to health and social care support to achieve good health and wellbeing outcomes. This includes facilitating reasonable adjustments, supporting people to access health checks or to complete healthcare passports."
Shared Lives Scheme,Effective,Supporting people to live healthier lives,EFF-HL-02,"Risks to people's health and wellbeing are identified and support to prevent deterioration is prioritised. This includes understanding specific risks for a person due to their needs and specific health conditions, keeping well in hot and cold weather and supporting people to remain as active and mobile as possible."
Shared Lives Scheme,Effective,Supporting people to live healthier lives,EFF-HL-03,"People are encouraged and supported to make healthier choices relating to diet, lifestyle, physical activity, personal and oral hygiene."
Shared Lives Scheme,Effective,Consent to care and treatment,EFF-CT-01,"Staff know the importance of consent and relevant legal requirements. They make sure people understand what they are consenting to before they deliver care, support or treatment. People are given the appropriate information, support and time they need to make an informed decision."
Shared Lives Scheme,Effective,Consent to care and treatment,EFF-CT-02,"There is a clear understanding of the requirements of the Mental Capacity Act 2005 and guidance relating to capacity and consent, and staff demonstrate how they put these into practice effectively. People are supported to understand information, communicate and make decisions about their life, care, support and treatment in line with the Mental Capacity Act 2005, involving their representatives and advocates when needed."
Shared Lives Scheme,Effective,Consent to care and treatment,EFF-CT-03,"People are supported to access independent advocacy, including statutory or non-statutory when available, and advocates are appropriately involved by the service."
Shared Lives Scheme,Effective,Consent to care and treatment,EFF-CT-04,"The service makes lawful decisions in people's best interests when required. People are involved and their feelings, beliefs and values are considered. Those close to the person and their advocates are involved and kept informed of any changes as appropriate."
Shared Lives Scheme,Caring,Kindness compassion and dignity,CAR-CW-01,"There is a culture of kindness and respect across teams. People feel cared for with kindness, compassion, dignity and respect."
Shared Lives Scheme,Caring,Kindness compassion and dignity,CAR-CW-02,"People's privacy, confidentiality, and respect are consistently upheld. Staff are discreet and challenge behaviour and practices that fall short of this. Staff have a clear understanding of the boundaries of confidentiality and work within these."
Shared Lives Scheme,Caring,Kindness compassion and dignity,CAR-KD-03,"Staff genuinely care about people's wellbeing and show it in a thoughtful, meaningful way. They promptly respond to people's emotions, discomfort, distress, or urgent needs in a positive way."
Shared Lives Scheme,Caring,Person-centred care,WEL-PC-01,"People are at the centre of how their care, support and treatment is delivered. Care is tailored to the individual and is not task-focused."
Shared Lives Scheme,Caring,Person-centred care,CAR-PC-02,"Staff treat people as individuals, considering any relevant protected equality characteristics and ensuring their personal, cultural, social, spiritual and religious needs are understood and met."
Shared Lives Scheme,Caring,Independence choice and control,CAR-IC-01,"If people wish to, they are encouraged and enabled to access meaningful activities, hobbies and interests in a personalised way. People are offered meaningful and genuine choices."
Shared Lives Scheme,Caring,Independence choice and control,CAR-IC-02,"People are supported to establish and maintain relationships and networks that are important to them, with access to family, friends, cultural connections, and advocacy support while using the service. When applicable, visiting restrictions are limited to exceptional circumstances in accordance with guidance and legislation."
Shared Lives Scheme,Caring,Independence choice and control,CAR-IC-03,"People are supported to make decisions about end of life preferences and advance decisions if they wish to. People who may be approaching the end of their life are identified to ensure their needs are met, in line with their preferences and choices, and the right support is provided."
Shared Lives Scheme,Caring,Independence choice and control,CAR-IC-04,"There is a compassionate and supportive approach towards those close to the person, or staff, before and after a person dies."
Shared Lives Scheme,Caring,Independence choice and control,CAR-IC-05,"People are supported to plan for important life changes, including those relating to potential medical and psychological needs. They can have enough time and accessible information to make informed decisions about their future."
Shared Lives Scheme,Caring,Independence choice and control,CAR-IC-06,"People have choice and control over their own care and are empowered to make decisions about their care, support, treatment and wellbeing."
Shared Lives Scheme,Responsive,Care provision integration and continuity,RES-RC-01,The service understands the diverse needs of the people who use it and tailors their support accordingly. This includes recognising and responding to the needs of people with protected equality characteristics and those most at risk of experiencing poorer care or facing barriers to accessing care.
Shared Lives Scheme,Responsive,Care provision integration and continuity,RES-RC-02,"The service works collaboratively and flexibly with others. People experience continuity of care, support and treatment; this includes working with commissioners to manage continuity of care."
Shared Lives Scheme,Responsive,Care provision integration and continuity,RES-TR-01,"Where support is provided by more than one service, or by unpaid carers, staff work in a planned, coordinated and flexible way to make sure care is joined up and meets people's needs."
Shared Lives Scheme,Responsive,Care provision integration and continuity,RES-TR-02,Staff can identify and take appropriate action when there is a gap in care provision. This includes identifying and taking appropriate action where people are eligible to receive more care or support.
Shared Lives Scheme,Responsive,Listening to and responding to feedback,RES-CF-01,"People and those close to them understand how to give feedback, make suggestions or complain about care, support and treatment. They can do this in a way that meets their needs."
Shared Lives Scheme,Responsive,Listening to and responding to feedback,RES-LF-02,"The staff and service welcome feedback, concerns or complaints as an opportunity to improve the service and the quality of care people receive. Learning from feedback, concerns or complaints is incorporated into practice."
Shared Lives Scheme,Responsive,Listening to and responding to feedback,RES-LF-03,"The service keeps people informed about how their feedback has been addressed and any action taken including a full explanation when it has not been acted on. It does this in line with established processes, and people are given information on how to escalate their complaints to the relevant Ombudsman at the end of its complaint process."
Shared Lives Scheme,Responsive,Listening to and responding to feedback,RES-LF-04,"People feel confident that their views or concerns will be taken seriously and they will be treated compassionately, without negative repercussions."
Shared Lives Scheme,Responsive,Timely and equitable access,RES-TA-01,"People can access care, support and treatment, including physically, when they need it and in a way that works for them, which promotes equality, removes barriers or delays and protects their rights."
Shared Lives Scheme,Responsive,Timely and equitable access,RES-TA-02,Reasonable adjustments are understood and made to ensure equal access to the service for all. This removes barriers for people who find it hard to access services.
Shared Lives Scheme,Responsive,Timely and equitable access,RES-TA-03,"The service is designed to be accessible and available for people at the point of need, including those most likely to have difficulty accessing care. When there are barriers that prevent equitable access, they are removed."
Shared Lives Scheme,Responsive,Equity in experiences,RES-EE-01,"Leaders and staff work collaboratively to achieve equity. They do this by recognising barriers, collecting and acting on evidence, including people's experiences, and allocating resources to reduce barriers and improve this."
Shared Lives Scheme,Responsive,Equity in experiences,RES-EE-02,Interpreting and translation are provided or accessed for people who don't speak English as a first language and for people who use British Sign Language.
Shared Lives Scheme,Responsive,Equity in experiences,RES-EE-03,Staff are supported to develop the skills they need to remove barriers to effective communication with the people they support.
Shared Lives Scheme,Well-led,Strategic direction,WEL-SD-01,"The values of the service are clear, understood and supported by staff. They are demonstrated through the behaviour of leaders and in practices within the service. They include key principles such as openness, involvement, respect, human rights, inclusion, diversity and equality."
Shared Lives Scheme,Well-led,Strategic direction,WEL-SD-02,"Leaders learn from staff who work directly with people, to build trust and mutual understanding. Feedback is valued and used to track progress, shape priorities and drive improvements."
Shared Lives Scheme,Well-led,Strategic direction,WEL-SD-03,The strategy supports the stability and operational sustainability of the service.
Shared Lives Scheme,Well-led,Workforce equity and culture,WEL-WE-01,"The service is committed to workforce equality, understands equity and proactively works to promote equality, diversity and inclusion. Wellbeing, inclusion, trust and open communication are embedded in the culture of the service."
Shared Lives Scheme,Well-led,Workforce equity and culture,WEL-WE-02,"Staff and volunteers are actively encouraged to give feedback, raise concerns, and contribute to improvements through formal speaking up processes. They are confident that they will be treated with compassion and understanding, and will not be blamed, or treated negatively if they do so - including in relation to issues of racism and discrimination."
Shared Lives Scheme,Well-led,Workforce equity and culture,WEL-WE-03,"Staff wellbeing is promoted by providing personalised support, such as making reasonable adjustments, enabling flexible working, ensuring adequate rest, and providing a positive work environment. There is support if people are struggling at work."
Shared Lives Scheme,Well-led,Capable and compassionate leaders,WEL-CL-01,"Where required, there is a registered manager in post. They understand their responsibilities and are supported by the board, trustees or directors and other managers to deliver good, effective, high-quality care."
Shared Lives Scheme,Well-led,Capable and compassionate leaders,WEL-CL-02,"High-quality leadership is sustained through safe, effective, and inclusive recruitment and succession planning."
Shared Lives Scheme,Well-led,Capable and compassionate leaders,WEL-CL-03,Leaders are knowledgeable about issues and priorities that affect the quality of the service and have access to appropriate development in their role. They seek support or independent scrutiny where required.
Shared Lives Scheme,Well-led,Capable and compassionate leaders,WEL-CL-04,"When something goes wrong, people receive a sincere and timely apology and are told about any actions being taken to prevent the same thing happening again."
Shared Lives Scheme,Well-led,Governance and management,WEL-GM-01,The service has an accurate statement of purpose that clearly reflects current service provision.
Shared Lives Scheme,Well-led,Governance and management,WEL-GM-02,"There are effective systems for monitoring and managing service performance, risk and learning from incidents that support innovation while maintaining the quality of care at the service."
Shared Lives Scheme,Well-led,Governance and management,WEL-GM-03,"There are secure and reliable arrangements for the availability, integrity and confidentiality of data, records and data management systems. Information is used effectively to monitor and improve the quality of care. Staff understand their responsibilities when collecting and sharing information."
Shared Lives Scheme,Well-led,Governance and management,WEL-GM-04,"There are thorough business continuity plans in place for emergencies or natural disasters, such as adverse weather events, and staff know how to put these into practice."
Shared Lives Scheme,Well-led,Governance and management,WEL-GM-05,Data or notifications are consistently submitted to external partners as required.
Shared Lives Scheme,Well-led,Governance and management,WEL-GM-06,"There are clear and effective governance, management and accountability arrangements. Staff understand their roles and responsibilities. Managers can account for the actions, behaviours and performance of staff."
Shared Lives Scheme,Well-led,Partnerships and communities,WEL-PAR-01,The service maintains positive relationships with the local community and works well with community partners.
Shared Lives Scheme,Well-led,Partnerships and communities,WEL-PAR-02,"Staff and leaders work in partnership with people and other organisations, so that services work as seamlessly as possible for people."
Shared Lives Scheme,Well-led,Partnerships and communities,WEL-PAR-03,"The service has strong external relationships and all staff including leaders engage early with people, communities, and partners to share learning with each other, which results in continuous improvements to the service."
Shared Lives Scheme,Well-led,Improvement innovation and learning,WEL-IL-01,"Staff and leaders understand how to drive improvement through consistent approaches that enable the right environment for improvement, measuring outcomes and impact."
Shared Lives Scheme,Well-led,Improvement innovation and learning,WEL-IL-02,"Leaders foster a culture of trust by encouraging staff to speak up with ideas for improvement and innovation, and by actively investing time to listen and engage."
Shared Lives Scheme,Well-led,Improvement innovation and learning,WEL-IL-03,"Staff and leaders engage with external work, including research, and embed evidence-based good practice in the service."
Supported Living,Safe,Safety culture,SAF-SC-01,"All incidents are recorded, investigated and outcomes are communicated to those involved. If harm has occurred, people are given full details of what happened, why, and what has been learned."
Supported Living,Safe,Safety culture,SAF-SC-02,"There is a good understanding of the duty of candour. When an incident has happened, staff are open and transparent with people and those close to them."
Supported Living,Safe,Safety culture,SAF-SC-03,"There is a strong learning culture in which incidents that have caused harm, or could cause harm, are treated as opportunities to improve."
Supported Living,Safe,Safety culture,SAF-SC-04,"Complaints, concerns and other feedback about safety are welcomed and prioritised as key sources used to identify and manage safety risks before safety incidents happen."
Supported Living,Safe,Safety culture,SAF-SC-05,"The service looks for safety-related themes and trends. Patient safety alerts are consistently reviewed and acted on, and learning from external safety incidents is embedded in the delivery of care."
Supported Living,Safe,Safety culture,SAF-SC-06,"Staff and leaders understand what constitutes a closed culture and the risks to people, including organisational abuse. There are systems and processes in place to identify concerns and prevent closed cultures from developing, and appropriate action is taken when needed."
Supported Living,Safe,Managing risks during care and treatment,SAF-MR-01,"People's care plans reflect any foreseeable risks and how they should be managed. Deterioration, emergencies and clinical risks are anticipated where possible and managed to reduce the potential for harm."
Supported Living,Safe,Managing risks during care and treatment,SAF-MR-02,People are respected and protected from avoidable harm because care is provided in line with recognised good practice guidance.
Supported Living,Safe,Managing risks during care and treatment,SAF-MR-03,"Care, support and treatment are discussed with people so they understand the potential risks and side effects. Where appropriate, people and those close to them are actively involved in managing their own risks."
Supported Living,Safe,Managing risks during care and treatment,SAF-MR-04,"The service has a process to ensure that any restrictions on people's freedom, choice and control are necessary, proportionate and safe. This particularly includes where people lack mental capacity."
Supported Living,Safe,Managing risks during care and treatment,SAF-MR-05,"Restraint is only ever used as a last resort and there is a clear commitment from all staff to minimising the use of restrictive interventions in the service. If staff use restraint, it is lawful, for a legitimate purpose, safe and necessary, and staff follow good practice."
Supported Living,Safe,"Safe systems, pathways and transitions",SAF-SP-01,"Plans and information for care during transitions are established and shared before people move between services. Plans consider people's individual needs, circumstances, ongoing care arrangements and expected outcomes."
Supported Living,Safe,"Safe systems, pathways and transitions",SAF-SP-02,"Safety and continuity are maintained across people's care journeys through collaborative working with people, staff and partners. This includes where people are moving between or accessing multiple services."
Supported Living,Safe,"Safe systems, pathways and transitions",SAF-SP-03,"Staff work together proactively with teams in other services, commissioners and people using the service to deliver co-ordinated, timely, consistent and person-centred care, support and treatment. Actions are appropriately owned and followed up."
Supported Living,Safe,"Safe systems, pathways and transitions",SAF-SP-04,"When people have needs that are outside of the service's remit, staff adapt support and escalate issues to relevant agencies."
Supported Living,Safe,"Safe systems, pathways and transitions",SAF-SP-05,"The service has appropriate systems and processes to manage its responsibilities in relation to delegated healthcare activities safely, in line with good practice."
Supported Living,Safe,Safeguarding,SAF-SG-01,"There are effective safeguarding systems, processes and practices, managed by appropriately trained staff, which protect people from abuse, neglect, harassment and breaches of their dignity. These operate in line with legislation and guidance, are communicated effectively and are accessible to people, staff and visitors to the service."
Supported Living,Safe,Safeguarding,SAF-SG-02,"Staff can identify abuse and improper treatment. They recognise early indicators of potential abuse or poor care, even when these do not meet the threshold for formal safeguarding concerns. Staff act quickly and appropriately to protect people, working closely with partners."
Supported Living,Safe,Safeguarding,SAF-SG-03,"Information about people who have suffered harm or are at risk of harm is shared appropriately with other agencies, such as the local authority, in a timely way. Staff use appropriate escalation pathways when concerns are not addressed."
Supported Living,Safe,Safeguarding,SAF-SG-04,"People are deprived of their liberty lawfully. Any potential deprivation of liberty is recognised promptly and appropriate authorisation is sought. Where applicable, the Deprivation of Liberty Safeguards (DoLS) are used appropriately and only when it is in the best interests of the person."
Supported Living,Safe,Safeguarding,SAF-SG-05,"People are supported to understand what safeguarding means and how to raise concerns on behalf of themselves and others, and are encouraged and empowered to do so."
Supported Living,Safe,Safe environments and infection prevention and control,SAF-EI-01,Fire safety procedures are effective. Concerns are escalated appropriately where the service is not directly responsible for the premises.
Supported Living,Safe,Safe environments and infection prevention and control,SAF-EI-02,"Where the provider is responsible, there is a comprehensive system to proactively manage the safety and upkeep of the premises (including communal and personal spaces) and equipment, and risks are assessed and controlled. Professionally qualified and competent people complete the necessary environmental and equipment checks and maintenance."
Supported Living,Safe,Safe environments and infection prevention and control,SAF-EI-03,The service manages the control and prevention of infection well. Infection prevention and control roles are clear. The risk of infection is minimised because premises and equipment are kept clean and hygienic.
Supported Living,Safe,Safe environments and infection prevention and control,SAF-EI-04,"The service monitors and acts on equipment alerts, recalls and safety information."
Supported Living,Safe,Safe environments and infection prevention and control,SAF-EI-05,"Facilities, equipment (including special or adaptive equipment) and technology that are the responsibility of the service are maintained, stored and used in line with good practice and guidance."
Supported Living,Safe,Safe staffing,SAF-ST-01,"Thorough and safe recruitment practices ensure staff, including agency staff and volunteers, are suitably experienced, qualified and competent to carry out their roles."
Supported Living,Safe,Safe staffing,SAF-ST-02,"There are appropriate staffing levels and skill mix to meet people's needs. Individual needs are taken into consideration so that when people receive one-to-one support, the skills and experience of staff are matched to the person's needs."
Supported Living,Safe,Safe staffing,SAF-SS-01,"There are appropriate staffing levels and skill mix to meet people's needs. Individual needs are taken into consideration so that when people receive one-to-one support, the skills and experience of staff are matched to the person's needs."
Supported Living,Safe,Safe staffing,SAF-SS-02,"Thorough and safe recruitment practices ensure staff, including agency staff and volunteers, are suitably experienced, qualified and competent to carry out their roles."
Supported Living,Safe,Safe staffing,SAF-SS-03,"Actions are taken to protect staff from fatigue, and leaders understand its impact on the safety of those who use services."
Supported Living,Safe,Safe staffing,SAF-SS-04,"There are induction, supervision and appraisal processes to support staff to develop and improve services (including professional revalidation where needed)."
Supported Living,Safe,Safe staffing,EFF-TD-01,"There are induction, supervision and appraisal processes to support staff to develop and improve services (including professional revalidation where needed)."
Supported Living,Safe,Safe staffing,EFF-TD-02,"Actions are taken to protect staff from fatigue, and leaders understand its impact on the safety of those who use services."
Supported Living,Safe,Safe medicines and treatments,SAF-MM-01,"There is a clear approach to the safe use of medicines, and roles and responsibilities are understood."
Supported Living,Safe,Safe medicines and treatments,SAF-MM-02,"Where the service is responsible, medicines are ordered, administered, recorded, stored and disposed of safely in line with legislation and guidance."
Supported Living,Safe,Safe medicines and treatments,SAF-MT-01,"There is a clear approach to the safe use of medicines, and roles and responsibilities are understood."
Supported Living,Safe,Safe medicines and treatments,SAF-MT-02,"Controlled drugs are stored, recorded, administered and disposed of in line with legislation and guidance."
Supported Living,Safe,Safe medicines and treatments,SAF-MT-03,"Where the service is responsible, medicines are ordered, administered, recorded, stored and disposed of safely in line with legislation and guidance."
Supported Living,Safe,Safe medicines and treatments,SAF-MT-04,"The administration of PRN medicines (medicines taken when required) is guided by clear protocols, and there are timely reviews."
Supported Living,Safe,Safe medicines and treatments,SAF-MT-05,"People and their representatives are involved in assessments, reviews and decisions, including the level of support needed and self-medication. This is clearly documented in care records."
Supported Living,Safe,Safe medicines and treatments,SAF-MT-06,"The service actively considers opportunities to reduce the over-medication of people, in line with STOMP/STAMP principles where applicable."
Supported Living,Effective,Assessing needs,EFF-CP-01,"People's needs are comprehensively assessed, and reflect their wishes and physical, mental, emotional, sensory, social and communication needs, including those related to protected equality characteristics."
Supported Living,Effective,Assessing needs,EFF-CP-02,"Assessments are regularly reviewed and updated to make sure staff have current information, so that care, support and treatment is meeting people's needs and individual outcomes as expected."
Supported Living,Effective,Assessing needs,EFF-CP-03,"People's communication needs are assessed and met to maximise the effectiveness of care, support and treatment."
Supported Living,Effective,Assessing needs,EFF-AN-01,"People's needs are comprehensively assessed, and reflect their wishes and physical, mental, emotional, sensory, social and communication needs, including those related to protected equality characteristics."
Supported Living,Effective,Assessing needs,EFF-AN-02,"Assessments are regularly reviewed and updated to make sure staff have current information, so that care, support and treatment is meeting people's needs and individual outcomes as expected."
Supported Living,Effective,Assessing needs,EFF-AN-03,"People's communication needs are assessed and met to maximise the effectiveness of care, support and treatment."
Supported Living,Effective,Assessing needs,EFF-AN-04,"People are involved as much as possible in their needs assessment and their needs are fully identified and understood. Where people need support to be involved, this is provided."
Supported Living,Effective,Evidence-based care and equitable outcomes,EFF-EB-01,"People's nutritional and hydration needs are met in line with current standards and good practice guidance. Where applicable, there is positive feedback from dietetic professionals that the service asks for their advice and applies it properly."
Supported Living,Effective,Evidence-based care and equitable outcomes,EFF-EB-02,"People are supported to plan and manage their dietary needs and associated risks, including risks of poor nutrition, dehydration, swallowing problems and other medical conditions that affect their health."
Supported Living,Effective,Evidence-based care and equitable outcomes,EFF-EB-03,"There is a rigorous approach to monitoring the effectiveness of people's care, support and treatment and the service takes action to continuously improve it."
Supported Living,Effective,Evidence-based care and equitable outcomes,EFF-EB-04,"Staff monitor and evaluate outcomes related to people's health and quality of life, including those linked to their aspirations and skill development, and act to improve them when possible."
Supported Living,Effective,Evidence-based care and equitable outcomes,EFF-EB-05,"Staff are aware of individual preferences in relation to eating and drinking and there is flexibility when needed or requested. There are good quality food choices and these respect individual wishes, including those relating to sensory, cultural, religious and ethical preferences."
Supported Living,Effective,Supporting people to live healthier lives,EFF-HL-01,"The service works with people who use services and professionals to plan and enable access to health and social care support to achieve good health and wellbeing outcomes. This includes facilitating reasonable adjustments, supporting people to access health checks or to complete healthcare passports."
Supported Living,Effective,Supporting people to live healthier lives,EFF-HL-02,"Risks to people's health and wellbeing are identified and support to prevent deterioration is prioritised. This includes understanding specific risks for a person due to their needs and specific health conditions, keeping well in hot and cold weather and supporting people to remain as active and mobile as possible."
Supported Living,Effective,Supporting people to live healthier lives,EFF-HL-03,"People are encouraged and supported to make healthier choices relating to diet, lifestyle, physical activity, personal and oral hygiene."
Supported Living,Effective,Consent to care and treatment,EFF-CT-01,"Staff know the importance of consent and relevant legal requirements. They make sure people understand what they are consenting to before they deliver care, support or treatment. People are given the appropriate information, support and time they need to make an informed decision."
Supported Living,Effective,Consent to care and treatment,EFF-CT-02,"There is a clear understanding of the requirements of the Mental Capacity Act 2005 and guidance relating to capacity and consent, and staff demonstrate how they put these into practice effectively. People are supported to understand information, communicate and make decisions about their life, care, support and treatment in line with the Mental Capacity Act 2005, involving their representatives and advocates when needed."
Supported Living,Effective,Consent to care and treatment,EFF-CT-03,"People are supported to access independent advocacy, including statutory or non-statutory when available, and advocates are appropriately involved by the service."
Supported Living,Effective,Consent to care and treatment,EFF-CT-04,"The service makes lawful decisions in people's best interests when required. People are involved and their feelings, beliefs and values are considered. Those close to the person and their advocates are involved and kept informed of any changes as appropriate."
Supported Living,Caring,"Kindness, compassion and dignity",CAR-KD-01,"There is a culture of kindness and respect across teams. People feel cared for with kindness, compassion, dignity and respect."
Supported Living,Caring,"Kindness, compassion and dignity",CAR-KD-02,"People's privacy, confidentiality, and respect are consistently upheld. Staff are discreet and challenge behaviour and practices that fall short of this. Staff have a clear understanding of the boundaries of confidentiality and work within these."
Supported Living,Caring,"Kindness, compassion and dignity",CAR-KD-03,"Staff genuinely care about people's wellbeing and show it in a thoughtful, meaningful way. They promptly respond to people's emotions, discomfort, distress, or urgent needs in a positive way."
Supported Living,Caring,Person-centred care,CAR-PC-01,"People are at the centre of how their care, support and treatment is delivered. Care is tailored to the individual and is not task-focused."
Supported Living,Caring,Person-centred care,CAR-PC-02,"Staff treat people as individuals, considering any relevant protected equality characteristics and ensuring their personal, cultural, social, spiritual and religious needs are understood and met."
Supported Living,Caring,"Independence, choice and control",CAR-IC-01,"If people wish to, they are encouraged and enabled to access meaningful activities, hobbies and interests in a personalised way. People are offered meaningful and genuine choices."
Supported Living,Caring,"Independence, choice and control",CAR-IC-02,"People are supported to establish and maintain relationships and networks that are important to them, with access to family, friends, cultural connections, and advocacy support while using the service. When applicable, visiting restrictions are limited to exceptional circumstances in accordance with guidance and legislation."
Supported Living,Caring,"Independence, choice and control",CAR-IC-03,"People are supported to make decisions about end of life preferences and advance decisions if they wish to. People who may be approaching the end of their life are identified to ensure their needs are met, in line with their preferences and choices, and the right support is provided."
Supported Living,Caring,"Independence, choice and control",CAR-IC-04,"There is a compassionate and supportive approach towards those close to the person, or staff, before and after a person dies."
Supported Living,Caring,"Independence, choice and control",CAR-IC-05,"People are supported to plan for important life changes, including those relating to potential medical and psychological needs. They can have enough time and accessible information to make informed decisions about their future."
Supported Living,Caring,"Independence, choice and control",CAR-IC-06,"People have choice and control over their own care and are empowered to make decisions about their care, support, treatment and wellbeing."
Supported Living,Responsive,"Care provision, integration and continuity",RES-RC-01,The service understands the diverse needs of the people who use it and tailors their support accordingly. This includes recognising and responding to the needs of people with protected equality characteristics and those most at risk of experiencing poorer care or facing barriers to accessing care.
Supported Living,Responsive,"Care provision, integration and continuity",RES-RC-02,"The service works collaboratively and flexibly with others. People experience continuity of care, support and treatment; this includes working with commissioners to manage continuity of care."
Supported Living,Responsive,"Care provision, integration and continuity",RES-CC-01,The service understands the diverse needs of the people who use it and tailors their support accordingly. This includes recognising and responding to the needs of people with protected equality characteristics and those most at risk of experiencing poorer care or facing barriers to accessing care.
Supported Living,Responsive,"Care provision, integration and continuity",RES-CC-02,"The service works collaboratively and flexibly with others. People experience continuity of care, support and treatment; this includes working with commissioners to manage continuity of care."
Supported Living,Responsive,"Care provision, integration and continuity",RES-CC-03,"Where support is provided by more than one service, or by unpaid carers, staff work in a planned, coordinated and flexible way to make sure care is joined up and meets people's needs."
Supported Living,Responsive,"Care provision, integration and continuity",RES-CC-04,Staff can identify and take appropriate action when there is a gap in care provision. This includes identifying and taking appropriate action where people are eligible to receive more care or support.
Supported Living,Responsive,Listening to and responding to feedback,RES-CF-01,"People and those close to them understand how to give feedback, make suggestions or complain about care, support and treatment. They can do this in a way that meets their needs."
Supported Living,Responsive,Listening to and responding to feedback,RES-LF-01,"People and those close to them understand how to give feedback, make suggestions or complain about care, support and treatment. They can do this in a way that meets their needs."
Supported Living,Responsive,Listening to and responding to feedback,RES-LF-02,"The staff and service welcome feedback, concerns or complaints as an opportunity to improve the service and the quality of care people receive. Learning from feedback, concerns or complaints is incorporated into practice."
Supported Living,Responsive,Listening to and responding to feedback,RES-LF-03,"The service keeps people informed about how their feedback has been addressed and any action taken including a full explanation when it has not been acted on. It does this in line with established processes, and people are given information on how to escalate their complaints to the relevant Ombudsman at the end of its complaint process."
Supported Living,Responsive,Listening to and responding to feedback,RES-LF-04,"People feel confident that their views or concerns will be taken seriously and they will be treated compassionately, without negative repercussions."
Supported Living,Responsive,Timely and equitable access,RES-TA-01,"People can access care, support and treatment, including physically, when they need it and in a way that works for them, which promotes equality, removes barriers or delays and protects their rights."
Supported Living,Responsive,Timely and equitable access,RES-TA-02,Reasonable adjustments are understood and made to ensure equal access to the service for all. This removes barriers for people who find it hard to access services.
Supported Living,Responsive,Timely and equitable access,RES-TA-03,"The service is designed to be accessible and available for people at the point of need, including those most likely to have difficulty accessing care. When there are barriers that prevent equitable access, they are removed."
Supported Living,Responsive,Equity in experiences,RES-EE-01,"Leaders and staff work collaboratively to achieve equity. They do this by recognising barriers, collecting and acting on evidence, including people's experiences, and allocating resources to reduce barriers and improve this."
Supported Living,Responsive,Equity in experiences,RES-EE-02,Interpreting and translation are provided or accessed for people who don't speak English as a first language and for people who use British Sign Language.
Supported Living,Responsive,Equity in experiences,RES-EE-03,Staff are supported to develop the skills they need to remove barriers to effective communication with the people they support.
Supported Living,Well-Led,Strategic direction,WEL-SD-01,"The values of the service are clear, understood and supported by staff. They are demonstrated through the behaviour of leaders and in practices within the service. They include key principles such as openness, involvement, respect, human rights, inclusion, diversity and equality."
Supported Living,Well-Led,Strategic direction,WEL-SD-02,"Leaders learn from staff who work directly with people, to build trust and mutual understanding. Feedback is valued and used to track progress, shape priorities and drive improvements."
Supported Living,Well-Led,Strategic direction,WEL-SD-03,The strategy supports the stability and operational sustainability of the service.
Supported Living,Well-Led,Capable and compassionate leaders,WEL-CL-01,"Where required, there is a registered manager in post. They understand their responsibilities and are supported by the board, trustees or directors and other managers to deliver good, effective, high-quality care."
Supported Living,Well-Led,Capable and compassionate leaders,WEL-CL-02,"High-quality leadership is sustained through safe, effective, and inclusive recruitment and succession planning."
Supported Living,Well-Led,Capable and compassionate leaders,WEL-CL-03,Leaders are knowledgeable about issues and priorities that affect the quality of the service and have access to appropriate development in their role. They seek support or independent scrutiny where required.
Supported Living,Well-Led,Capable and compassionate leaders,WEL-CL-04,"When something goes wrong, people receive a sincere and timely apology and are told about any actions being taken to prevent the same thing happening again."
Supported Living,Well-Led,Workforce equity and culture,WEL-WE-01,"The service is committed to workforce equality, understands equity and proactively works to promote equality, diversity and inclusion. Wellbeing, inclusion, trust and open communication are embedded in the culture of the service."
Supported Living,Well-Led,Workforce equity and culture,WEL-WE-02,"Staff and volunteers are actively encouraged to give feedback, raise concerns, and contribute to improvements through formal speaking up processes. They are confident that they will be treated with compassion and understanding, and will not be blamed, or treated negatively if they do so - including in relation to issues of racism and discrimination."
Supported Living,Well-Led,Workforce equity and culture,WEL-WE-03,"Staff wellbeing is promoted by providing personalised support, such as making reasonable adjustments, enabling flexible working, ensuring adequate rest, and providing a positive work environment. There is support if people are struggling at work."
Supported Living,Well-Led,Governance and management,WEL-GM-01,The service has an accurate statement of purpose that clearly reflects current service provision.
Supported Living,Well-Led,Governance and management,WEL-GM-02,"There are effective systems for monitoring and managing service performance, risk and learning from incidents that support innovation while maintaining the quality of care at the service."
Supported Living,Well-Led,Governance and management,WEL-GM-03,"There are secure and reliable arrangements for the availability, integrity and confidentiality of data, records and data management systems. Information is used effectively to monitor and improve the quality of care. Staff understand their responsibilities when collecting and sharing information."
Supported Living,Well-Led,Governance and management,WEL-GM-04,"There are thorough business continuity plans in place for emergencies or natural disasters, such as adverse weather events, and staff know how to put these into practice."
Supported Living,Well-Led,Governance and management,WEL-GM-05,Data or notifications are consistently submitted to external partners as required.
Supported Living,Well-Led,Governance and management,WEL-GM-06,"There are clear and effective governance, management and accountability arrangements. Staff understand their roles and responsibilities. Managers can account for the actions, behaviours and performance of staff."
Supported Living,Well-Led,Partnerships and communities,WEL-PAR-01,The service maintains positive relationships with the local community and works well with community partners.
Supported Living,Well-Led,Partnerships and communities,WEL-PAR-02,"Staff and leaders work in partnership with people and other organisations, so that services work as seamlessly as possible for people."
Supported Living,Well-Led,Partnerships and communities,WEL-PAR-03,"The service has strong external relationships and all staff including leaders engage early with people, communities, and partners to share learning with each other, which results in continuous improvements to the service."
Supported Living,Well-Led,"Improvement, innovation and learning",WEL-IL-01,"Staff and leaders understand how to drive improvement through consistent approaches that enable the right environment for improvement, measuring outcomes and impact."
Supported Living,Well-Led,"Improvement, innovation and learning",WEL-IL-02,"Leaders foster a culture of trust by encouraging staff to speak up with ideas for improvement and innovation, and by actively investing time to listen and engage."
Supported Living,Well-Led,"Improvement, innovation and learning",WEL-IL-03,"Staff and leaders engage with external work, including research, and embed evidence-based good practice in the service."
Specialist College,Safe,Safety culture,SAF-SC-01,"All incidents are recorded, investigated and outcomes are communicated to those involved. If harm has occurred, people are given full details of what happened, why, and what has been learned."
Specialist College,Safe,Safety culture,SAF-SC-02,"There is a good understanding of the duty of candour. When an incident has happened, staff are open and transparent with people and those close to them."
Specialist College,Safe,Safety culture,SAF-SC-03,"There is a strong learning culture in which incidents that have caused harm, or could cause harm, are treated as opportunities to improve."
Specialist College,Safe,Safety culture,SAF-SC-04,"Complaints, concerns and other feedback about safety are welcomed and prioritised as key sources used to identify and manage safety risks before safety incidents happen."
Specialist College,Safe,Safety culture,SAF-SC-05,"The service looks for safety-related themes and trends. Patient safety alerts are consistently reviewed and acted on, and learning from external safety incidents is embedded in the delivery of care."
Specialist College,Safe,Safety culture,SAF-SC-06,"Staff and leaders understand what constitutes a closed culture and the risks to people, including organisational abuse. There are systems and processes in place to identify concerns and prevent closed cultures from developing, and appropriate action is taken when needed."
Specialist College,Safe,Managing risks during care and treatment,SAF-MR-01,"People's care plans reflect any foreseeable risks and how they should be managed. Deterioration, emergencies and clinical risks are anticipated where possible and managed to reduce the potential for harm."
Specialist College,Safe,Managing risks during care and treatment,SAF-MR-02,People are respected and protected from avoidable harm because care is provided in line with recognised good practice guidance.
Specialist College,Safe,Managing risks during care and treatment,SAF-MR-03,"Care, support and treatment are discussed with people so they understand the potential risks and side effects. Where appropriate, people and those close to them are actively involved in managing their own risks."
Specialist College,Safe,Managing risks during care and treatment,SAF-MR-04,"The service has a process to ensure that any restrictions on people's freedom, choice and control are necessary, proportionate and safe. This particularly includes where people lack mental capacity."
Specialist College,Safe,Managing risks during care and treatment,SAF-MR-05,"Restraint is only ever used as a last resort and there is a clear commitment from all staff to minimising the use of restrictive interventions in the service. If staff use restraint, it is lawful, for a legitimate purpose, safe and necessary, and staff follow good practice."
Specialist College,Safe,"Safe systems, pathways and transitions",RES-TR-01,"Plans and information for care during transitions are established and shared before people move between services. Plans consider people's individual needs, circumstances, ongoing care arrangements and expected outcomes."
Specialist College,Safe,"Safe systems, pathways and transitions",RES-TR-02,"Safety and continuity are maintained across people's care journeys through collaborative working with people, staff and partners. This includes where people are moving between or accessing multiple services."
Specialist College,Safe,"Safe systems, pathways and transitions",SAF-SP-03,"Staff work together proactively with teams in other services, commissioners and people using the service to deliver co-ordinated, timely, consistent and person-centred care, support and treatment. Actions are appropriately owned and followed up."
Specialist College,Safe,"Safe systems, pathways and transitions",SAF-SP-04,"When people have needs that are outside of the service's remit, staff adapt support and escalate issues to relevant agencies."
Specialist College,Safe,"Safe systems, pathways and transitions",SAF-SP-05,"The service has appropriate systems and processes to manage its responsibilities in relation to delegated healthcare activities safely, in line with good practice."
Specialist College,Safe,Safeguarding,SAF-SG-01,"There are effective safeguarding systems, processes and practices, managed by appropriately trained staff, which protect people from abuse, neglect, harassment and breaches of their dignity. These operate in line with legislation and guidance, are communicated effectively and are accessible to people, staff and visitors to the service."
Specialist College,Safe,Safeguarding,SAF-SG-02,"Staff can identify abuse and improper treatment. They recognise early indicators of potential abuse or poor care, even when these do not meet the threshold for formal safeguarding concerns. Staff act quickly and appropriately to protect people, working closely with partners."
Specialist College,Safe,Safeguarding,SAF-SG-03,"Information about people who have suffered harm or are at risk of harm is shared appropriately with other agencies, such as the local authority, in a timely way. Staff use appropriate escalation pathways when concerns are not addressed."
Specialist College,Safe,Safeguarding,SAF-SG-04,"People are deprived of their liberty lawfully. Any potential deprivation of liberty is recognised promptly and appropriate authorisation is sought. Where applicable, the Deprivation of Liberty Safeguards (DoLS) are used appropriately and only when it is in the best interests of the person."
Specialist College,Safe,Safeguarding,SAF-SG-05,"People are supported to understand what safeguarding means and how to raise concerns on behalf of themselves and others, and are encouraged and empowered to do so."
Specialist College,Safe,Safe environments and infection prevention and control,SAF-EI-01,Fire safety procedures are effective. Concerns are escalated appropriately where the service is not directly responsible for the premises.
Specialist College,Safe,Safe environments and infection prevention and control,SAF-EI-02,"Where the provider is responsible, there is a comprehensive system to proactively manage the safety and upkeep of the premises (including communal and personal spaces) and equipment, and risks are assessed and controlled. Professionally qualified and competent people complete the necessary environmental and equipment checks and maintenance."
Specialist College,Safe,Safe environments and infection prevention and control,SAF-EI-03,The service manages the control and prevention of infection well. Infection prevention and control roles are clear. The risk of infection is minimised because premises and equipment are kept clean and hygienic.
Specialist College,Safe,Safe environments and infection prevention and control,SAF-EI-04,"The service monitors and acts on equipment alerts, recalls and safety information."
Specialist College,Safe,Safe environments and infection prevention and control,SAF-EI-05,"Facilities, equipment (including special or adaptive equipment) and technology that are the responsibility of the service are maintained, stored and used in line with good practice and guidance."
Specialist College,Safe,Safe staffing,SAF-ST-01,"Thorough and safe recruitment practices ensure staff, including agency staff and volunteers, are suitably experienced, qualified and competent to carry out their roles."
Specialist College,Safe,Safe staffing,SAF-ST-02,"There are appropriate staffing levels and skill mix to meet people's needs. Individual needs are taken into consideration so that when people receive one-to-one support, the skills and experience of staff are matched to the person's needs."
Specialist College,Safe,Safe staffing,EFF-TD-01,"There are induction, supervision and appraisal processes to support staff to develop and improve services (including professional revalidation where needed)."
Specialist College,Safe,Safe staffing,EFF-TD-02,"Actions are taken to protect staff from fatigue, and leaders understand its impact on the safety of those who use services."
Specialist College,Safe,Safe medicines and treatments,SAF-MM-01,"There is a clear approach to the safe use of medicines, and roles and responsibilities are understood."
Specialist College,Safe,Safe medicines and treatments,SAF-MT-02,"Controlled drugs are stored, recorded, administered and disposed of in line with legislation and guidance."
Specialist College,Safe,Safe medicines and treatments,SAF-MT-03,"Where the service is responsible, medicines are ordered, administered, recorded, stored and disposed of safely in line with legislation and guidance."
Specialist College,Safe,Safe medicines and treatments,SAF-MT-04,"The administration of PRN medicines (medicines taken when required) is guided by clear protocols, and there are timely reviews."
Specialist College,Safe,Safe medicines and treatments,SAF-MT-05,"People and their representatives are involved in assessments, reviews and decisions, including the level of support needed and self-medication. This is clearly documented in care records."
Specialist College,Safe,Safe medicines and treatments,SAF-MT-06,"The service actively considers opportunities to reduce the over-medication of people, in line with STOMP/STAMP principles where applicable."
Specialist College,Effective,Assessing needs,EFF-CP-01,"People's needs are comprehensively assessed, and reflect their wishes and physical, mental, emotional, sensory, social and communication needs, including those related to protected equality characteristics."
Specialist College,Effective,Assessing needs,EFF-CP-02,"People's communication needs are assessed and met to maximise the effectiveness of care, support and treatment."
Specialist College,Effective,Assessing needs,EFF-EH-01,"Assessments are regularly reviewed and updated to make sure staff have current information, so that care, support and treatment is meeting people's needs and individual outcomes as expected."
Specialist College,Effective,Assessing needs,EFF-AN-04,"People are involved as much as possible in their needs assessment and their needs are fully identified and understood. Where people need support to be involved, this is provided."
Specialist College,Effective,Evidence-based care and equitable outcomes,EFF-EB-01,"People's nutritional and hydration needs are met in line with current standards and good practice guidance. Where applicable, there is positive feedback from dietetic professionals that the service asks for their advice and applies it properly."
Specialist College,Effective,Evidence-based care and equitable outcomes,EFF-EB-02,"People are supported to plan and manage their dietary needs and associated risks, including risks of poor nutrition, dehydration, swallowing problems and other medical conditions that affect their health."
Specialist College,Effective,Evidence-based care and equitable outcomes,EFF-EB-03,"There is a rigorous approach to monitoring the effectiveness of people's care, support and treatment and the service takes action to continuously improve it."
Specialist College,Effective,Evidence-based care and equitable outcomes,EFF-EB-04,"Staff monitor and evaluate outcomes related to people's health and quality of life, including those linked to their aspirations and skill development, and act to improve them when possible."
Specialist College,Effective,Evidence-based care and equitable outcomes,EFF-EB-05,"Staff are aware of individual preferences in relation to eating and drinking and there is flexibility when needed or requested. There are good quality food choices and these respect individual wishes, including those relating to sensory, cultural, religious and ethical preferences."
Specialist College,Effective,Supporting people to live healthier lives,EFF-HL-01,"The service works with people who use services and professionals to plan and enable access to health and social care support to achieve good health and wellbeing outcomes. This includes facilitating reasonable adjustments, supporting people to access health checks or to complete healthcare passports."
Specialist College,Effective,Supporting people to live healthier lives,EFF-HL-02,"Risks to people's health and wellbeing are identified and support to prevent deterioration is prioritised. This includes understanding specific risks for a person due to their needs and specific health conditions, keeping well in hot and cold weather and supporting people to remain as active and mobile as possible."
Specialist College,Effective,Supporting people to live healthier lives,EFF-HL-03,"People are encouraged and supported to make healthier choices relating to diet, lifestyle, physical activity, personal and oral hygiene."
Specialist College,Effective,Consent to care and treatment,EFF-CT-01,"Staff know the importance of consent and relevant legal requirements. They make sure people understand what they are consenting to before they deliver care, support or treatment. People are given the appropriate information, support and time they need to make an informed decision."
Specialist College,Effective,Consent to care and treatment,EFF-CT-02,"There is a clear understanding of the requirements of the Mental Capacity Act 2005 and guidance relating to capacity and consent, and staff demonstrate how they put these into practice effectively. People are supported to understand information, communicate and make decisions about their life, care, support and treatment in line with the Mental Capacity Act 2005, involving their representatives and advocates when needed."
Specialist College,Effective,Consent to care and treatment,EFF-CT-03,"People are supported to access independent advocacy, including statutory or non-statutory when available, and advocates are appropriately involved by the service."
Specialist College,Effective,Consent to care and treatment,EFF-CT-04,"The service makes lawful decisions in people's best interests when required. People are involved and their feelings, beliefs and values are considered. Those close to the person and their advocates are involved and kept informed of any changes as appropriate."
Specialist College,Caring,"Kindness, compassion and dignity",CAR-KD-01,"There is a culture of kindness and respect across teams. People feel cared for with kindness, compassion, dignity and respect."
Specialist College,Caring,"Kindness, compassion and dignity",CAR-KD-02,"People's privacy, confidentiality, and respect are consistently upheld. Staff are discreet and challenge behaviour and practices that fall short of this. Staff have a clear understanding of the boundaries of confidentiality and work within these."
Specialist College,Caring,"Kindness, compassion and dignity",CAR-KD-03,"Staff genuinely care about people's wellbeing and show it in a thoughtful, meaningful way. They promptly respond to people's emotions, discomfort, distress, or urgent needs in a positive way."
Specialist College,Caring,Person-centred care,CAR-PC-01,"People are at the centre of how their care, support and treatment is delivered. Care is tailored to the individual and is not task-focused."
Specialist College,Caring,Person-centred care,CAR-PC-02,"Staff treat people as individuals, considering any relevant protected equality characteristics and ensuring their personal, cultural, social, spiritual and religious needs are understood and met."
Specialist College,Caring,"Independence, choice and control",CAR-IC-01,"If people wish to, they are encouraged and enabled to access meaningful activities, hobbies and interests in a personalised way. People are offered meaningful and genuine choices."
Specialist College,Caring,"Independence, choice and control",CAR-IC-02,"People are supported to establish and maintain relationships and networks that are important to them, with access to family, friends, cultural connections, and advocacy support while using the service. When applicable, visiting restrictions are limited to exceptional circumstances in accordance with guidance and legislation."
Specialist College,Caring,"Independence, choice and control",CAR-IC-03,"People are supported to make decisions about end of life preferences and advance decisions if they wish to. People who may be approaching the end of their life are identified to ensure their needs are met, in line with their preferences and choices, and the right support is provided."
Specialist College,Caring,"Independence, choice and control",CAR-IC-04,"There is a compassionate and supportive approach towards those close to the person, or staff, before and after a person dies."
Specialist College,Caring,"Independence, choice and control",CAR-IC-05,"People are supported to plan for important life changes, including those relating to potential medical and psychological needs. They can have enough time and accessible information to make informed decisions about their future."
Specialist College,Caring,"Independence, choice and control",CAR-IC-06,"People have choice and control over their own care and are empowered to make decisions about their care, support, treatment and wellbeing."
Specialist College,Responsive,"Care provision, integration and continuity",RES-RC-01,The service understands the diverse needs of the people who use it and tailors their support accordingly. This includes recognising and responding to the needs of people with protected equality characteristics and those most at risk of experiencing poorer care or facing barriers to accessing care.
Specialist College,Responsive,"Care provision, integration and continuity",RES-CC-02,"The service works collaboratively and flexibly with others. People experience continuity of care, support and treatment; this includes working with commissioners to manage continuity of care."
Specialist College,Responsive,"Care provision, integration and continuity",RES-CC-03,"Where support is provided by more than one service, or by unpaid carers, staff work in a planned, coordinated and flexible way to make sure care is joined up and meets people's needs."
Specialist College,Responsive,"Care provision, integration and continuity",RES-CC-04,Staff can identify and take appropriate action when there is a gap in care provision. This includes identifying and taking appropriate action where people are eligible to receive more care or support.
Specialist College,Responsive,Listening to and responding to feedback,RES-CF-01,"People and those close to them understand how to give feedback, make suggestions or complain about care, support and treatment. They can do this in a way that meets their needs."
Specialist College,Responsive,Listening to and responding to feedback,RES-LF-02,"The staff and service welcome feedback, concerns or complaints as an opportunity to improve the service and the quality of care people receive. Learning from feedback, concerns or complaints is incorporated into practice."
Specialist College,Responsive,Listening to and responding to feedback,RES-LF-03,"The service keeps people informed about how their feedback has been addressed and any action taken including a full explanation when it has not been acted on. It does this in line with established processes, and people are given information on how to escalate their complaints to the relevant Ombudsman at the end of its complaint process."
Specialist College,Responsive,Listening to and responding to feedback,RES-LF-04,"People feel confident that their views or concerns will be taken seriously and they will be treated compassionately, without negative repercussions."
Specialist College,Responsive,Timely and equitable access,RES-TA-01,"People can access care, support and treatment, including physically, when they need it and in a way that works for them, which promotes equality, removes barriers or delays and protects their rights."
Specialist College,Responsive,Timely and equitable access,RES-TA-02,Reasonable adjustments are understood and made to ensure equal access to the service for all. This removes barriers for people who find it hard to access services.
Specialist College,Responsive,Timely and equitable access,RES-TA-03,"The service is designed to be accessible and available for people at the point of need, including those most likely to have difficulty accessing care. When there are barriers that prevent equitable access, they are removed."
Specialist College,Responsive,Equity in experiences,RES-EE-01,"Leaders and staff work collaboratively to achieve equity. They do this by recognising barriers, collecting and acting on evidence, including people's experiences, and allocating resources to reduce barriers and improve this."
Specialist College,Responsive,Equity in experiences,RES-EE-02,Interpreting and translation are provided or accessed for people who don't speak English as a first language and for people who use British Sign Language.
Specialist College,Responsive,Equity in experiences,RES-EE-03,Staff are supported to develop the skills they need to remove barriers to effective communication with the people they support.
Specialist College,Well-Led,Strategic direction,WEL-SD-01,"The values of the service are clear, understood and supported by staff. They are demonstrated through the behaviour of leaders and in practices within the service. They include key principles such as openness, involvement, respect, human rights, inclusion, diversity and equality."
Specialist College,Well-Led,Strategic direction,WEL-SD-02,"Leaders learn from staff who work directly with people, to build trust and mutual understanding. Feedback is valued and used to track progress, shape priorities and drive improvements."
Specialist College,Well-Led,Strategic direction,WEL-SD-03,The strategy supports the stability and operational sustainability of the service.
Specialist College,Well-Led,Workforce equity and culture,WEL-WE-01,"The service is committed to workforce equality, understands equity and proactively works to promote equality, diversity and inclusion. Wellbeing, inclusion, trust and open communication are embedded in the culture of the service."
Specialist College,Well-Led,Workforce equity and culture,WEL-WE-02,"Staff and volunteers are actively encouraged to give feedback, raise concerns, and contribute to improvements through formal speaking up processes. They are confident that they will be treated with compassion and understanding, and will not be blamed, or treated negatively if they do so - including in relation to issues of racism and discrimination."
Specialist College,Well-Led,Workforce equity and culture,WEL-WE-03,"Staff wellbeing is promoted by providing personalised support, such as making reasonable adjustments, enabling flexible working, ensuring adequate rest, and providing a positive work environment. There is support if people are struggling at work."
Specialist College,Well-Led,Capable and compassionate leaders,WEL-CL-01,"Where required, there is a registered manager in post. They understand their responsibilities and are supported by the board, trustees or directors and other managers to deliver good, effective, high-quality care."
Specialist College,Well-Led,Capable and compassionate leaders,WEL-CL-02,"High-quality leadership is sustained through safe, effective, and inclusive recruitment and succession planning."
Specialist College,Well-Led,Capable and compassionate leaders,WEL-CL-03,Leaders are knowledgeable about issues and priorities that affect the quality of the service and have access to appropriate development in their role. They seek support or independent scrutiny where required.
Specialist College,Well-Led,Capable and compassionate leaders,WEL-CL-04,"When something goes wrong, people receive a sincere and timely apology and are told about any actions being taken to prevent the same thing happening again."
Specialist College,Well-Led,Governance and management,WEL-GM-01,The service has an accurate statement of purpose that clearly reflects current service provision.
Specialist College,Well-Led,Governance and management,WEL-GM-02,"There are effective systems for monitoring and managing service performance, risk and learning from incidents that support innovation while maintaining the quality of care at the service."
Specialist College,Well-Led,Governance and management,WEL-GM-03,"There are secure and reliable arrangements for the availability, integrity and confidentiality of data, records and data management systems. Information is used effectively to monitor and improve the quality of care. Staff understand their responsibilities when collecting and sharing information."
Specialist College,Well-Led,Governance and management,WEL-GM-04,"There are thorough business continuity plans in place for emergencies or natural disasters, such as adverse weather events, and staff know how to put these into practice."
Specialist College,Well-Led,Governance and management,WEL-GM-05,Data or notifications are consistently submitted to external partners as required.
Specialist College,Well-Led,Governance and management,WEL-GM-06,"There are clear and effective governance, management and accountability arrangements. Staff understand their roles and responsibilities. Managers can account for the actions, behaviours and performance of staff."
Specialist College,Well-Led,Partnerships and communities,WEL-PC-01,The service maintains positive relationships with the local community and works well with community partners.
Specialist College,Well-Led,Partnerships and communities,WEL-PC-02,"Staff and leaders work in partnership with people and other organisations, so that services work as seamlessly as possible for people."
Specialist College,Well-Led,Partnerships and communities,WEL-PC-03,"The service has strong external relationships and all staff including leaders engage early with people, communities, and partners to share learning with each other, which results in continuous improvements to the service."
Specialist College,Well-Led,"Improvement, innovation and learning",WEL-IL-01,"Staff and leaders understand how to drive improvement through consistent approaches that enable the right environment for improvement, measuring outcomes and impact."
Specialist College,Well-Led,"Improvement, innovation and learning",WEL-IL-02,"Leaders foster a culture of trust by encouraging staff to speak up with ideas for improvement and innovation, and by actively investing time to listen and engage."
Specialist College,Well-Led,"Improvement, innovation and learning",WEL-IL-03,"Staff and leaders engage with external work, including research, and embed evidence-based good practice in the service."
Residential Rehabilitation Service,Safe,Safety culture,SAF-SC-01,"All incidents are recorded, investigated and outcomes are communicated to those involved. If harm has occurred, people are given full details of what happened, why, and what has been learned."
Residential Rehabilitation Service,Safe,Safety culture,SAF-SC-02,"There is a good understanding of the duty of candour. When an incident has happened, staff are open and transparent with people and those close to them."
Residential Rehabilitation Service,Safe,Safety culture,SAF-SC-03,"There is a strong learning culture in which incidents that have caused harm, or could cause harm, are treated as opportunities to improve."
Residential Rehabilitation Service,Safe,Safety culture,SAF-SC-04,"Complaints, concerns and other feedback about safety are welcomed and prioritised as key sources used to identify and manage safety risks before safety incidents happen."
Residential Rehabilitation Service,Safe,Safety culture,SAF-SC-05,"The service looks for safety-related themes and trends. Patient safety alerts are consistently reviewed and acted on, and learning from external safety incidents is embedded in the delivery of care."
Residential Rehabilitation Service,Safe,Safety culture,SAF-SC-06,"Staff and leaders understand what constitutes a closed culture and the risks to people, including organisational abuse. There are systems and processes in place to identify concerns and prevent closed cultures from developing, and appropriate action is taken when needed."
Residential Rehabilitation Service,Safe,Managing risks during care and treatment,SAF-MR-01,"People's care plans reflect any foreseeable risks and how they should be managed. Deterioration, emergencies and clinical risks are anticipated where possible and managed to reduce the potential for harm."
Residential Rehabilitation Service,Safe,Managing risks during care and treatment,SAF-MR-02,People are respected and protected from avoidable harm because care is provided in line with recognised good practice guidance.
Residential Rehabilitation Service,Safe,Managing risks during care and treatment,SAF-MR-03,"Care, support and treatment are discussed with people so they understand the potential risks and side effects. Where appropriate, people and those close to them are actively involved in managing their own risks."
Residential Rehabilitation Service,Safe,Managing risks during care and treatment,SAF-MR-04,"The service has a process to ensure that any restrictions on people's freedom, choice and control are necessary, proportionate and safe. This particularly includes where people lack mental capacity."
Residential Rehabilitation Service,Safe,Managing risks during care and treatment,SAF-MR-05,"Restraint is only ever used as a last resort and there is a clear commitment from all staff to minimising the use of restrictive interventions in the service. If staff use restraint, it is lawful, for a legitimate purpose, safe and necessary, and staff follow good practice."
Residential Rehabilitation Service,Safe,"Safe systems, pathways and transitions",SAF-SP-01,"Plans and information for care during transitions are established and shared before people move between services. Plans consider people's individual needs, circumstances, ongoing care arrangements and expected outcomes."
Residential Rehabilitation Service,Safe,"Safe systems, pathways and transitions",SAF-SP-02,"Safety and continuity are maintained across people's care journeys through collaborative working with people, staff and partners. This includes where people are moving between or accessing multiple services."
Residential Rehabilitation Service,Safe,"Safe systems, pathways and transitions",SAF-SP-03,"Staff work together proactively with teams in other services, commissioners and people using the service to deliver co-ordinated, timely, consistent and person-centred care, support and treatment. Actions are appropriately owned and followed up."
Residential Rehabilitation Service,Safe,"Safe systems, pathways and transitions",SAF-SP-04,"When people have needs that are outside of the service's remit, staff adapt support and escalate issues to relevant agencies."
Residential Rehabilitation Service,Safe,"Safe systems, pathways and transitions",SAF-SP-05,"The service has appropriate systems and processes to manage its responsibilities in relation to delegated healthcare activities safely, in line with good practice."
Residential Rehabilitation Service,Safe,Safeguarding,SAF-SG-01,"There are effective safeguarding systems, processes and practices, managed by appropriately trained staff, which protect people from abuse, neglect, harassment and breaches of their dignity. These operate in line with legislation and guidance, are communicated effectively and are accessible to people, staff and visitors to the service."
Residential Rehabilitation Service,Safe,Safeguarding,SAF-SG-02,"Staff can identify abuse and improper treatment. They recognise early indicators of potential abuse or poor care, even when these do not meet the threshold for formal safeguarding concerns. Staff act quickly and appropriately to protect people, working closely with partners."
Residential Rehabilitation Service,Safe,Safeguarding,SAF-SG-03,"Information about people who have suffered harm or are at risk of harm is shared appropriately with other agencies, such as the local authority, in a timely way. Staff use appropriate escalation pathways when concerns are not addressed."
Residential Rehabilitation Service,Safe,Safeguarding,SAF-SG-04,"People are deprived of their liberty lawfully. Any potential deprivation of liberty is recognised promptly and appropriate authorisation is sought. Where applicable, the Deprivation of Liberty Safeguards (DoLS) are used appropriately and only when it is in the best interests of the person."
Residential Rehabilitation Service,Safe,Safeguarding,SAF-SG-05,"People are supported to understand what safeguarding means and how to raise concerns on behalf of themselves and others, and are encouraged and empowered to do so."
Residential Rehabilitation Service,Safe,Safe environments and infection prevention and control,SAF-EI-01,Fire safety procedures are effective. Concerns are escalated appropriately where the service is not directly responsible for the premises.
Residential Rehabilitation Service,Safe,Safe environments and infection prevention and control,SAF-EI-02,"Where the provider is responsible, there is a comprehensive system to proactively manage the safety and upkeep of the premises (including communal and personal spaces) and equipment, and risks are assessed and controlled. Professionally qualified and competent people complete the necessary environmental and equipment checks and maintenance."
Residential Rehabilitation Service,Safe,Safe environments and infection prevention and control,SAF-EI-03,The service manages the control and prevention of infection well. Infection prevention and control roles are clear. The risk of infection is minimised because premises and equipment are kept clean and hygienic.
Residential Rehabilitation Service,Safe,Safe environments and infection prevention and control,SAF-EI-04,"The service monitors and acts on equipment alerts, recalls and safety information."
Residential Rehabilitation Service,Safe,Safe environments and infection prevention and control,SAF-EI-05,"Facilities, equipment (including special or adaptive equipment) and technology that are the responsibility of the service are maintained, stored and used in line with good practice and guidance."
Residential Rehabilitation Service,Safe,Safe staffing,SAF-ST-01,"Thorough and safe recruitment practices ensure staff, including agency staff and volunteers, are suitably experienced, qualified and competent to carry out their roles."
Residential Rehabilitation Service,Safe,Safe staffing,SAF-ST-02,"There are appropriate staffing levels and skill mix to meet people's needs. Individual needs are taken into consideration so that when people receive one-to-one support, the skills and experience of staff are matched to the person's needs."
Residential Rehabilitation Service,Safe,Safe staffing,SAF-SS-03,"Actions are taken to protect staff from fatigue, and leaders understand its impact on the safety of those who use services."
Residential Rehabilitation Service,Safe,Safe medicines and treatments,SAF-MM-01,"There is a clear approach to the safe use of medicines, and roles and responsibilities are understood."
Residential Rehabilitation Service,Safe,Safe medicines and treatments,SAF-MT-02,"Controlled drugs are stored, recorded, administered and disposed of in line with legislation and guidance."
Residential Rehabilitation Service,Safe,Safe medicines and treatments,SAF-MT-03,"Where the service is responsible, medicines are ordered, administered, recorded, stored and disposed of safely in line with legislation and guidance."
Residential Rehabilitation Service,Safe,Safe medicines and treatments,SAF-MT-04,"The administration of PRN medicines (medicines taken when required) is guided by clear protocols, and there are timely reviews."
Residential Rehabilitation Service,Safe,Safe medicines and treatments,SAF-MT-05,"People and their representatives are involved in assessments, reviews and decisions, including the level of support needed and self-medication. This is clearly documented in care records."
Residential Rehabilitation Service,Safe,Safe medicines and treatments,SAF-MT-06,"The service actively considers opportunities to reduce the over-medication of people, in line with STOMP/STAMP principles where applicable."
Residential Rehabilitation Service,Effective,Assessing needs,EFF-CP-01,"People's needs are comprehensively assessed, and reflect their wishes and physical, mental, emotional, sensory, social and communication needs, including those related to protected equality characteristics."
Residential Rehabilitation Service,Effective,Assessing needs,EFF-CP-02,"Assessments are regularly reviewed and updated to make sure staff have current information, so that care, support and treatment is meeting people's needs and individual outcomes as expected."
Residential Rehabilitation Service,Effective,Assessing needs,EFF-CP-03,"People are involved as much as possible in their needs assessment and their needs are fully identified and understood. Where people need support to be involved, this is provided."
Residential Rehabilitation Service,Effective,Assessing needs,EFF-AN-04,"People's communication needs are assessed and met to maximise the effectiveness of care, support and treatment."
Residential Rehabilitation Service,Effective,Evidence-based care and equitable outcomes,EFF-EB-01,"People's nutritional and hydration needs are met in line with current standards and good practice guidance. Where applicable, there is positive feedback from dietetic professionals that the service asks for their advice and applies it properly."
Residential Rehabilitation Service,Effective,Evidence-based care and equitable outcomes,EFF-EB-02,"People are supported to plan and manage their dietary needs and associated risks, including risks of poor nutrition, dehydration, swallowing problems and other medical conditions that affect their health."
Residential Rehabilitation Service,Effective,Evidence-based care and equitable outcomes,EFF-EB-03,"There is a rigorous approach to monitoring the effectiveness of people's care, support and treatment and the service takes action to continuously improve it."
Residential Rehabilitation Service,Effective,Evidence-based care and equitable outcomes,EFF-EB-04,"Staff monitor and evaluate outcomes related to people's health and quality of life, including those linked to their aspirations and skill development, and act to improve them when possible."
Residential Rehabilitation Service,Effective,Evidence-based care and equitable outcomes,EFF-EB-05,"Staff are aware of individual preferences in relation to eating and drinking and there is flexibility when needed or requested. There are good quality food choices and these respect individual wishes, including those relating to sensory, cultural, religious and ethical preferences."
Residential Rehabilitation Service,Effective,Supporting people to live healthier lives,EFF-HL-01,"The service works with people who use services and professionals to plan and enable access to health and social care support to achieve good health and wellbeing outcomes. This includes facilitating reasonable adjustments, supporting people to access health checks or to complete healthcare passports."
Residential Rehabilitation Service,Effective,Supporting people to live healthier lives,EFF-HL-02,"Risks to people's health and wellbeing are identified and support to prevent deterioration is prioritised. This includes understanding specific risks for a person due to their needs and specific health conditions, keeping well in hot and cold weather and supporting people to remain as active and mobile as possible."
Residential Rehabilitation Service,Effective,Supporting people to live healthier lives,EFF-HL-03,"People are encouraged and supported to make healthier choices relating to diet, lifestyle, physical activity, personal and oral hygiene."
Residential Rehabilitation Service,Effective,Safe staffing — training,EFF-TD-01,Staff and volunteers receive training that is appropriate to their role. This is embedded into practice and refreshed at regular intervals. Competency is assessed as required to maintain knowledge and skills in line with good practice.
Residential Rehabilitation Service,Effective,Safe staffing — training,EFF-TD-02,"There are induction, supervision and appraisal processes to support staff to develop and improve services (including professional revalidation where needed)."
Residential Rehabilitation Service,Effective,Consent to care and treatment,EFF-CT-01,"Staff know the importance of consent and relevant legal requirements. They make sure people understand what they are consenting to before they deliver care, support or treatment. People are given the appropriate information, support and time they need to make an informed decision."
Residential Rehabilitation Service,Effective,Consent to care and treatment,EFF-CT-02,"There is a clear understanding of the requirements of the Mental Capacity Act 2005 and guidance relating to capacity and consent, and staff demonstrate how they put these into practice effectively. People are supported to understand information, communicate and make decisions about their life, care, support and treatment in line with the Mental Capacity Act 2005, involving their representatives and advocates when needed."
Residential Rehabilitation Service,Effective,Consent to care and treatment,EFF-CT-03,"People are supported to access independent advocacy, including statutory or non-statutory when available, and advocates are appropriately involved by the service."
Residential Rehabilitation Service,Effective,Consent to care and treatment,EFF-CT-04,"The service makes lawful decisions in people's best interests when required. People are involved and their feelings, beliefs and values are considered. Those close to the person and their advocates are involved and kept informed of any changes as appropriate."
Residential Rehabilitation Service,Caring,"Kindness, compassion and dignity",CAR-KD-01,"There is a culture of kindness and respect across teams. People feel cared for with kindness, compassion, dignity and respect."
Residential Rehabilitation Service,Caring,"Kindness, compassion and dignity",CAR-KD-02,"People's privacy, confidentiality, and respect are consistently upheld. Staff are discreet and challenge behaviour and practices that fall short of this. Staff have a clear understanding of the boundaries of confidentiality and work within these."
Residential Rehabilitation Service,Caring,"Kindness, compassion and dignity",CAR-KD-03,"Staff genuinely care about people's wellbeing and show it in a thoughtful, meaningful way. They promptly respond to people's emotions, discomfort, distress, or urgent needs in a positive way."
Residential Rehabilitation Service,Caring,Person-centred care,CAR-PC-01,"People are at the centre of how their care, support and treatment is delivered. Care is tailored to the individual and is not task-focused."
Residential Rehabilitation Service,Caring,Person-centred care,CAR-PC-02,"Staff treat people as individuals, considering any relevant protected equality characteristics and ensuring their personal, cultural, social, spiritual and religious needs are understood and met."
Residential Rehabilitation Service,Caring,"Independence, choice and control",CAR-IC-01,"People have choice and control over their own care and are empowered to make decisions about their care, support, treatment and wellbeing."
Residential Rehabilitation Service,Caring,"Independence, choice and control",CAR-IC-02,"People are supported to establish and maintain relationships and networks that are important to them, with access to family, friends, cultural connections, and advocacy support while using the service. When applicable, visiting restrictions are limited to exceptional circumstances in accordance with guidance and legislation."
Residential Rehabilitation Service,Caring,"Independence, choice and control",CAR-IC-03,"If people wish to, they are encouraged and enabled to access meaningful activities, hobbies and interests in a personalised way. People are offered meaningful and genuine choices."
Residential Rehabilitation Service,Caring,"Independence, choice and control",CAR-IC-04,"There is a compassionate and supportive approach towards those close to the person, or staff, before and after a person dies."
Residential Rehabilitation Service,Caring,"Independence, choice and control",CAR-IC-05,"People are supported to plan for important life changes, including those relating to potential medical and psychological needs. They can have enough time and accessible information to make informed decisions about their future."
Residential Rehabilitation Service,Caring,"Independence, choice and control",CAR-IC-06,"People are supported to make decisions about end of life preferences and advance decisions if they wish to. People who may be approaching the end of their life are identified to ensure their needs are met, in line with their preferences and choices, and the right support is provided."
Residential Rehabilitation Service,Responsive,"Care provision, integration and continuity",RES-TP-01,The service understands the diverse needs of the people who use it and tailors their support accordingly. This includes recognising and responding to the needs of people with protected equality characteristics and those most at risk of experiencing poorer care or facing barriers to accessing care.
Residential Rehabilitation Service,Responsive,"Care provision, integration and continuity",RES-CC-02,"The service works collaboratively and flexibly with others. People experience continuity of care, support and treatment; this includes working with commissioners to manage continuity of care."
Residential Rehabilitation Service,Responsive,"Care provision, integration and continuity",RES-CC-03,"Where support is provided by more than one service, or by unpaid carers, staff work in a planned, coordinated and flexible way to make sure care is joined up and meets people's needs."
Residential Rehabilitation Service,Responsive,"Care provision, integration and continuity",RES-CC-04,Staff can identify and take appropriate action when there is a gap in care provision. This includes identifying and taking appropriate action where people are eligible to receive more care or support.
Residential Rehabilitation Service,Responsive,Listening to and responding to feedback,RES-CF-01,"People and those close to them understand how to give feedback, make suggestions or complain about care, support and treatment. They can do this in a way that meets their needs."
Residential Rehabilitation Service,Responsive,Listening to and responding to feedback,RES-LF-02,"The staff and service welcome feedback, concerns or complaints as an opportunity to improve the service and the quality of care people receive. Learning from feedback, concerns or complaints is incorporated into practice."
Residential Rehabilitation Service,Responsive,Listening to and responding to feedback,RES-LF-03,"The service keeps people informed about how their feedback has been addressed and any action taken including a full explanation when it has not been acted on. It does this in line with established processes, and people are given information on how to escalate their complaints to the relevant Ombudsman at the end of its complaint process."
Residential Rehabilitation Service,Responsive,Listening to and responding to feedback,RES-LF-04,"People feel confident that their views or concerns will be taken seriously and they will be treated compassionately, without negative repercussions."
Residential Rehabilitation Service,Responsive,Timely and equitable access,RES-TA-01,"People can access care, support and treatment, including physically, when they need it and in a way that works for them, which promotes equality, removes barriers or delays and protects their rights."
Residential Rehabilitation Service,Responsive,Timely and equitable access,RES-TA-02,Reasonable adjustments are understood and made to ensure equal access to the service for all. This removes barriers for people who find it hard to access services.
Residential Rehabilitation Service,Responsive,Timely and equitable access,RES-TA-03,"The service is designed to be accessible and available for people at the point of need, including those most likely to have difficulty accessing care. When there are barriers that prevent equitable access, they are removed."
Residential Rehabilitation Service,Responsive,Equity in experiences,RES-EE-01,"Leaders and staff work collaboratively to achieve equity. They do this by recognising barriers, collecting and acting on evidence, including people's experiences, and allocating resources to reduce barriers and improve this."
Residential Rehabilitation Service,Responsive,Equity in experiences,RES-EE-02,Interpreting and translation are provided or accessed for people who don't speak English as a first language and for people who use British Sign Language.
Residential Rehabilitation Service,Responsive,Equity in experiences,RES-EE-03,Staff are supported to develop the skills they need to remove barriers to effective communication with the people they support.
Residential Rehabilitation Service,Well-Led,Strategic direction,WEL-SD-01,"The values of the service are clear, understood and supported by staff. They are demonstrated through the behaviour of leaders and in practices within the service. They include key principles such as openness, involvement, respect, human rights, inclusion, diversity and equality."
Residential Rehabilitation Service,Well-Led,Strategic direction,WEL-SD-02,"Leaders learn from staff who work directly with people, to build trust and mutual understanding. Feedback is valued and used to track progress, shape priorities and drive improvements."
Residential Rehabilitation Service,Well-Led,Strategic direction,WEL-SD-03,The strategy supports the stability and operational sustainability of the service.
Residential Rehabilitation Service,Well-Led,Workforce equity and culture,WEL-WE-01,"The service is committed to workforce equality, understands equity and proactively works to promote equality, diversity and inclusion. Wellbeing, inclusion, trust and open communication are embedded in the culture of the service."
Residential Rehabilitation Service,Well-Led,Workforce equity and culture,WEL-WE-02,"Staff and volunteers are actively encouraged to give feedback, raise concerns, and contribute to improvements through formal speaking up processes. They are confident that they will be treated with compassion and understanding, and will not be blamed, or treated negatively if they do so - including in relation to issues of racism and discrimination."
Residential Rehabilitation Service,Well-Led,Workforce equity and culture,WEL-WE-03,"Staff wellbeing is promoted by providing personalised support, such as making reasonable adjustments, enabling flexible working, ensuring adequate rest, and providing a positive work environment. There is support if people are struggling at work."
Residential Rehabilitation Service,Well-Led,Capable and compassionate leaders,WEL-CL-01,"Where required, there is a registered manager in post. They understand their responsibilities and are supported by the board, trustees or directors and other managers to deliver good, effective, high-quality care."
Residential Rehabilitation Service,Well-Led,Capable and compassionate leaders,WEL-CL-02,"High-quality leadership is sustained through safe, effective, and inclusive recruitment and succession planning."
Residential Rehabilitation Service,Well-Led,Capable and compassionate leaders,WEL-CL-03,Leaders are knowledgeable about issues and priorities that affect the quality of the service and have access to appropriate development in their role. They seek support or independent scrutiny where required.
Residential Rehabilitation Service,Well-Led,Capable and compassionate leaders,WEL-CL-04,"When something goes wrong, people receive a sincere and timely apology and are told about any actions being taken to prevent the same thing happening again."
Residential Rehabilitation Service,Well-Led,Governance and management,WEL-GM-01,The service has an accurate statement of purpose that clearly reflects current service provision.
Residential Rehabilitation Service,Well-Led,Governance and management,WEL-GM-02,"There are effective systems for monitoring and managing service performance, risk and learning from incidents that support innovation while maintaining the quality of care at the service."
Residential Rehabilitation Service,Well-Led,Governance and management,WEL-GM-03,"There are secure and reliable arrangements for the availability, integrity and confidentiality of data, records and data management systems. Information is used effectively to monitor and improve the quality of care. Staff understand their responsibilities when collecting and sharing information."
Residential Rehabilitation Service,Well-Led,Governance and management,WEL-GM-04,"There are thorough business continuity plans in place for emergencies or natural disasters, such as adverse weather events, and staff know how to put these into practice."
Residential Rehabilitation Service,Well-Led,Governance and management,WEL-GM-05,Data or notifications are consistently submitted to external partners as required.
Residential Rehabilitation Service,Well-Led,Governance and management,WEL-GM-06,"There are clear and effective governance, management and accountability arrangements. Staff understand their roles and responsibilities. Managers can account for the actions, behaviours and performance of staff."
Residential Rehabilitation Service,Well-Led,Partnerships and communities,WEL-PC-01,The service maintains positive relationships with the local community and works well with community partners.
Residential Rehabilitation Service,Well-Led,Partnerships and communities,WEL-PC-02,"Staff and leaders work in partnership with people and other organisations, so that services work as seamlessly as possible for people."
Residential Rehabilitation Service,Well-Led,Partnerships and communities,WEL-PC-03,"The service has strong external relationships and all staff including leaders engage early with people, communities, and partners to share learning with each other, which results in continuous improvements to the service."
Residential Rehabilitation Service,Well-Led,"Improvement, innovation and learning",WEL-IL-01,"Staff and leaders understand how to drive improvement through consistent approaches that enable the right environment for improvement, measuring outcomes and impact."
Residential Rehabilitation Service,Well-Led,"Improvement, innovation and learning",WEL-IL-02,"Leaders foster a culture of trust by encouraging staff to speak up with ideas for improvement and innovation, and by actively investing time to listen and engage."
Residential Rehabilitation Service,Well-Led,"Improvement, innovation and learning",WEL-IL-03,"Staff and leaders engage with external work, including research, and embed evidence-based good practice in the service."
Community Drug and Alcohol Service,Safe,Safety culture,SAF-SC-01,"There is a strong learning culture in which incidents that have caused harm, or could cause harm, are treated as opportunities to improve."
Community Drug and Alcohol Service,Safe,Safety culture,SAF-SC-02,"When an incident has happened, staff are open and transparent with people and those close to them. All incidents are recorded, investigated and outcomes are communicated to those involved. If harm has occurred, people are given full details of what happened, why, and what has been learned."
Community Drug and Alcohol Service,Safe,Safety culture,SAF-SC-03,"Complaints, concerns and other feedback about safety are welcomed and prioritised as key sources used to identify and manage safety risks before safety incidents happen."
Community Drug and Alcohol Service,Safe,Managing risks during care and treatment,SAF-MR-01,"People's care plans reflect any foreseeable risks and how they should be managed. Deterioration, emergencies and clinical risks are anticipated where possible and managed to reduce the potential for harm."
Community Drug and Alcohol Service,Safe,Managing risks during care and treatment,SAF-MR-02,People are respected and protected from avoidable harm because care is provided in line with recognised good practice guidance.
Community Drug and Alcohol Service,Safe,Managing risks during care and treatment,SAF-MR-03,"Care, support and treatment are discussed with people so they understand the potential risks and side effects. Where appropriate, people and those close to them are actively involved in managing their own risks."
Community Drug and Alcohol Service,Safe,Managing risks during care and treatment,SAF-MR-04,"The service has a process to ensure that any restrictions on people's freedom, choice and control are necessary, proportionate and safe. This particularly includes where people lack mental capacity."
Community Drug and Alcohol Service,Safe,"Safe systems, pathways and transitions",SAF-SP-01,"Safety and continuity are maintained across people's care journeys through collaborative working with people, staff and partners. This includes where people are moving between or accessing multiple services."
Community Drug and Alcohol Service,Safe,"Safe systems, pathways and transitions",SAF-SP-02,"Plans and information for care during transitions are established and shared before people move between services. Plans consider people's individual needs, circumstances, ongoing care arrangements and expected outcomes."
Community Drug and Alcohol Service,Safe,"Safe systems, pathways and transitions",SAF-SP-03,"When people have needs that are outside of the service's remit, staff adapt support and escalate issues to relevant agencies."
Community Drug and Alcohol Service,Safe,Safeguarding,SAF-SG-01,"There are effective safeguarding systems, processes and practices, managed by appropriately trained staff, which protect people from abuse, neglect, harassment and breaches of their dignity. These operate in line with legislation and guidance, are communicated effectively and are accessible to people, staff and visitors to the service."
Community Drug and Alcohol Service,Safe,Safeguarding,SAF-SG-02,"Staff can identify abuse and improper treatment. They recognise early indicators of potential abuse or poor care, even when these do not meet the threshold for formal safeguarding concerns. Staff act quickly and appropriately to protect people, working closely with partners."
Community Drug and Alcohol Service,Safe,Safe environments and infection prevention and control,SAF-EI-01,The service manages the control and prevention of infection well. Infection prevention and control roles are clear. The risk of infection is minimised because premises and equipment are kept clean and hygienic.
Community Drug and Alcohol Service,Safe,Safe environments and infection prevention and control,SAF-EI-02,Fire safety procedures are effective. Concerns are escalated appropriately where the service is not directly responsible for the premises.
Community Drug and Alcohol Service,Safe,Safe staffing,SAF-ST-01,"Thorough and safe recruitment practices ensure staff, including agency staff and volunteers, are suitably experienced, qualified and competent to carry out their roles."
Community Drug and Alcohol Service,Safe,Safe staffing,SAF-ST-02,"There are appropriate staffing levels and skill mix to meet people's needs. Individual needs are taken into consideration so that when people receive one-to-one support, the skills and experience of staff are matched to the person's needs."
Community Drug and Alcohol Service,Safe,Safe staffing,EFF-TD-01,Staff and volunteers receive training that is appropriate to their role. This is embedded into practice and refreshed at regular intervals. Competency is assessed as required to maintain knowledge and skills in line with good practice.
Community Drug and Alcohol Service,Safe,Safe staffing,EFF-TD-02,"There are induction, supervision and appraisal processes to support staff to develop and improve services (including professional revalidation where needed)."
Community Drug and Alcohol Service,Safe,Safe medicines and treatments,SAF-MM-01,"There is a clear approach to the safe use of medicines, and roles and responsibilities are understood."
Community Drug and Alcohol Service,Effective,Assessing needs,EFF-CP-01,"People's needs are comprehensively assessed, and reflect their wishes and physical, mental, emotional, sensory, social and communication needs, including those related to protected equality characteristics."
Community Drug and Alcohol Service,Effective,Assessing needs,EFF-CP-02,"Assessments are regularly reviewed and updated to make sure staff have current information, so that care, support and treatment is meeting people's needs and individual outcomes as expected."
Community Drug and Alcohol Service,Effective,Assessing needs,EFF-CP-03,"People are involved as much as possible in their needs assessment and their needs are fully identified and understood. Where people need support to be involved, this is provided."
Community Drug and Alcohol Service,Effective,Evidence-based care and equitable outcomes,EFF-EB-01,"There is a rigorous approach to monitoring the effectiveness of people's care, support and treatment and the service takes action to continuously improve it."
Community Drug and Alcohol Service,Effective,Evidence-based care and equitable outcomes,EFF-EB-02,"Staff monitor and evaluate outcomes related to people's health and quality of life, including those linked to their aspirations and skill development, and act to improve them when possible."
Community Drug and Alcohol Service,Effective,Supporting people to live healthier lives,EFF-HL-01,"The service works with people who use services and professionals to plan and enable access to health and social care support to achieve good health and wellbeing outcomes. This includes facilitating reasonable adjustments, supporting people to access health checks or to complete healthcare passports."
Community Drug and Alcohol Service,Effective,Supporting people to live healthier lives,EFF-HL-02,"Risks to people's health and wellbeing are identified and support to prevent deterioration is prioritised. This includes understanding specific risks for a person due to their needs and specific health conditions, keeping well in hot and cold weather and supporting people to remain as active and mobile as possible."
Community Drug and Alcohol Service,Effective,Supporting people to live healthier lives,EFF-HL-03,"People are encouraged and supported to make healthier choices relating to diet, lifestyle, physical activity, personal and oral hygiene."
Community Drug and Alcohol Service,Effective,Supporting people to live healthier lives,EFF-HL-04,"People are supported to be as involved as possible in monitoring and reviewing their own physical and mental health and wellbeing needs. This includes taking part in regular reviews with the service and, where appropriate, being supported to engage in health checks with other health and social care professionals."
Community Drug and Alcohol Service,Effective,Consent to care and treatment,EFF-CT-01,"Staff know the importance of consent and relevant legal requirements. They make sure people understand what they are consenting to before they deliver care, support or treatment. People are given the appropriate information, support and time they need to make an informed decision."
Community Drug and Alcohol Service,Caring,"Kindness, compassion and dignity",CAR-KD-01,"There is a culture of kindness and respect across teams. People feel cared for with kindness, compassion, dignity and respect."
Community Drug and Alcohol Service,Caring,"Kindness, compassion and dignity",CAR-KD-02,"People's privacy, confidentiality, and respect are consistently upheld. Staff are discreet and challenge behaviour and practices that fall short of this. Staff have a clear understanding of the boundaries of confidentiality and work within these."
Community Drug and Alcohol Service,Caring,Person-centred care,CAR-PC-01,"People are at the centre of how their care, support and treatment is delivered. Care is tailored to the individual and is not task-focused."
Community Drug and Alcohol Service,Caring,Person-centred care,CAR-PC-02,"Staff treat people as individuals, considering any relevant protected equality characteristics and ensuring their personal, cultural, social, spiritual and religious needs are understood and met."
Community Drug and Alcohol Service,Caring,"Independence, choice and control",CAR-IC-01,"People have choice and control over their own care and are empowered to make decisions about their care, support, treatment and wellbeing."
Community Drug and Alcohol Service,Responsive,"Care provision, integration and continuity",RES-TP-01,The service understands the diverse needs of the people who use it and tailors their support accordingly. This includes recognising and responding to the needs of people with protected equality characteristics and those most at risk of experiencing poorer care or facing barriers to accessing care.
Community Drug and Alcohol Service,Responsive,Listening to and responding to feedback,RES-CF-01,"People and those close to them understand how to give feedback, make suggestions or complain about care, support and treatment. They can do this in a way that meets their needs."
Community Drug and Alcohol Service,Responsive,Timely and equitable access,RES-TA-01,"People can access care, support and treatment, including physically, when they need it and in a way that works for them, which promotes equality, removes barriers or delays and protects their rights."
Community Drug and Alcohol Service,Responsive,Timely and equitable access,RES-TA-02,Reasonable adjustments are understood and made to ensure equal access to the service for all. This removes barriers for people who find it hard to access services.
Community Drug and Alcohol Service,Responsive,Equity in experiences,RES-EE-01,"Leaders and staff work collaboratively to achieve equity. They do this by recognising barriers, collecting and acting on evidence, including people's experiences, and allocating resources to reduce barriers and improve this."
Community Drug and Alcohol Service,Responsive,Equity in experiences,RES-EE-02,Interpreting and translation are provided or accessed for people who don't speak English as a first language and for people who use British Sign Language.
Community Drug and Alcohol Service,Well-led,Strategic direction,WEL-SD-01,"The values of the service are clear, understood and supported by staff. They are demonstrated through the behaviour of leaders and in practices within the service. They include key principles such as openness, involvement, respect, human rights, inclusion, diversity and equality."
Community Drug and Alcohol Service,Well-led,Strategic direction,WEL-SD-02,"Leaders learn from staff who work directly with people, to build trust and mutual understanding. Feedback is valued and used to track progress, shape priorities and drive improvements."
Community Drug and Alcohol Service,Well-led,Workforce equity and culture,WEL-WE-01,"The service is committed to workforce equality, understands equity and proactively works to promote equality, diversity and inclusion. Wellbeing, inclusion, trust and open communication are embedded in the culture of the service."
Community Drug and Alcohol Service,Well-led,Workforce equity and culture,WEL-WE-02,"Staff and volunteers are actively encouraged to give feedback, raise concerns, and contribute to improvements through formal speaking up processes. They are confident that they will be treated with compassion and understanding, and will not be blamed, or treated negatively if they do so - including in relation to issues of racism and discrimination."
Community Drug and Alcohol Service,Well-led,Capable and compassionate leaders,WEL-CL-01,"Where required, there is a registered manager in post. They understand their responsibilities and are supported by the board, trustees or directors and other managers to deliver good, effective, high-quality care."
Community Drug and Alcohol Service,Well-led,Capable and compassionate leaders,WEL-CL-02,Leaders are knowledgeable about issues and priorities that affect the quality of the service and have access to appropriate development in their role. They seek support or independent scrutiny where required.
Community Drug and Alcohol Service,Well-led,Governance and management,WEL-GM-01,"There are clear and effective governance, management and accountability arrangements. Staff understand their roles and responsibilities. Managers can account for the actions, behaviours and performance of staff."
Community Drug and Alcohol Service,Well-led,Governance and management,WEL-GM-02,"There are effective systems for monitoring and managing service performance, risk and learning from incidents that support innovation while maintaining the quality of care at the service."
Community Drug and Alcohol Service,Well-led,Governance and management,WEL-GM-03,"There are secure and reliable arrangements for the availability, integrity and confidentiality of data, records and data management systems. Information is used effectively to monitor and improve the quality of care. Staff understand their responsibilities when collecting and sharing information."
Community Drug and Alcohol Service,Well-led,Partnerships and communities,WEL-PC-01,The service maintains positive relationships with the local community and works well with community partners.
Community Drug and Alcohol Service,Well-led,Partnerships and communities,WEL-PC-02,"Staff and leaders work in partnership with people and other organisations, so that services work as seamlessly as possible for people."
Community Drug and Alcohol Service,Well-led,"Improvement, innovation and learning",WEL-IL-01,"Staff and leaders understand how to drive improvement through consistent approaches that enable the right environment for improvement, measuring outcomes and impact."
Community Drug and Alcohol Service,Well-led,"Improvement, innovation and learning",WEL-IL-02,"Leaders foster a culture of trust by encouraging staff to speak up with ideas for improvement and innovation, and by actively investing time to listen and engage."
